,Date,Start (ET),Visitor/Neutral,PTS,Home/Neutral,PTS.1,Unnamed: 6,Unnamed: 7,Attend.,Notes
0,"Tue, Oct 19, 2021",7:30p,Brooklyn Nets,104.0,Milwaukee Bucks,127.0,Box Score,,"17,341",
1,"Tue, Oct 19, 2021",10:00p,Golden State Warriors,121.0,Los Angeles Lakers,114.0,Box Score,,"18,997",
2,"Wed, Oct 20, 2021",7:00p,Indiana Pacers,122.0,Charlotte Hornets,123.0,Box Score,,"15,521",
3,"Wed, Oct 20, 2021",7:00p,Chicago Bulls,94.0,Detroit Pistons,88.0,Box Score,,"20,088",
4,"Wed, Oct 20, 2021",7:30p,Boston Celtics,134.0,New York Knicks,138.0,Box Score,2OT,"19,812",
5,"Wed, Oct 20, 2021",7:30p,Washington Wizards,98.0,Toronto Raptors,83.0,Box Score,,"19,800",
6,"Wed, Oct 20, 2021",8:00p,Cleveland Cavaliers,121.0,Memphis Grizzlies,132.0,Box Score,,"15,975",
7,"Wed, Oct 20, 2021",8:00p,Houston Rockets,106.0,Minnesota Timberwolves,124.0,Box Score,,"16,079",
8,"Wed, Oct 20, 2021",8:00p,Philadelphia 76ers,117.0,New Orleans Pelicans,97.0,Box Score,,"12,845",
9,"Wed, Oct 20, 2021",8:30p,Orlando Magic,97.0,San Antonio Spurs,123.0,Box Score,,"16,697",
10,"Wed, Oct 20, 2021",9:00p,Oklahoma City Thunder,86.0,Utah Jazz,107.0,Box Score,,"18,306",
11,"Wed, Oct 20, 2021",10:00p,Sacramento Kings,124.0,Portland Trail Blazers,121.0,Box Score,,"17,467",
12,"Wed, Oct 20, 2021",10:00p,Denver Nuggets,110.0,Phoenix Suns,98.0,Box Score,,"16,074",
13,"Thu, Oct 21, 2021",7:30p,Dallas Mavericks,87.0,Atlanta Hawks,113.0,Box Score,,"17,162",
14,"Thu, Oct 21, 2021",8:00p,Milwaukee Bucks,95.0,Miami Heat,137.0,Box Score,,"19,600",
15,"Thu, Oct 21, 2021",10:00p,Los Angeles Clippers,113.0,Golden State Warriors,115.0,Box Score,,"18,064",
16,"Fri, Oct 22, 2021",7:00p,New York Knicks,121.0,Orlando Magic,96.0,Box Score,,"18,846",
17,"Fri, Oct 22, 2021",7:00p,Indiana Pacers,134.0,Washington Wizards,135.0,Box Score,OT,"15,407",
18,"Fri, Oct 22, 2021",7:00p,Charlotte Hornets,123.0,Cleveland Cavaliers,112.0,Box Score,,"17,116",
19,"Fri, Oct 22, 2021",7:30p,Toronto Raptors,115.0,Boston Celtics,83.0,Box Score,,"19,156",
20,"Fri, Oct 22, 2021",7:30p,Brooklyn Nets,114.0,Philadelphia 76ers,109.0,Box Score,,"20,367",
21,"Fri, Oct 22, 2021",8:00p,Oklahoma City Thunder,91.0,Houston Rockets,124.0,Box Score,,"15,674",
22,"Fri, Oct 22, 2021",8:00p,New Orleans Pelicans,112.0,Chicago Bulls,128.0,Box Score,,"20,995",
23,"Fri, Oct 22, 2021",9:00p,San Antonio Spurs,96.0,Denver Nuggets,102.0,Box Score,,"19,520",
24,"Fri, Oct 22, 2021",10:00p,Phoenix Suns,115.0,Los Angeles Lakers,105.0,Box Score,,"18,997",
25,"Fri, Oct 22, 2021",10:00p,Utah Jazz,110.0,Sacramento Kings,101.0,Box Score,,"17,583",
26,"Sat, Oct 23, 2021",6:00p,Atlanta Hawks,95.0,Cleveland Cavaliers,101.0,Box Score,,"16,846",
27,"Sat, Oct 23, 2021",7:00p,Miami Heat,91.0,Indiana Pacers,102.0,Box Score,OT,"17,147",
28,"Sat, Oct 23, 2021",7:30p,Dallas Mavericks,103.0,Toronto Raptors,95.0,Box Score,,"19,800",
29,"Sat, Oct 23, 2021",8:00p,Detroit Pistons,82.0,Chicago Bulls,97.0,Box Score,,"18,888",
30,"Sat, Oct 23, 2021",8:00p,New Orleans Pelicans,89.0,Minnesota Timberwolves,96.0,Box Score,,"15,343",
31,"Sat, Oct 23, 2021",8:30p,Milwaukee Bucks,121.0,San Antonio Spurs,111.0,Box Score,,"14,353",
32,"Sat, Oct 23, 2021",10:00p,Phoenix Suns,105.0,Portland Trail Blazers,134.0,Box Score,,"18,558",
33,"Sat, Oct 23, 2021",10:30p,Memphis Grizzlies,120.0,Los Angeles Clippers,114.0,Box Score,,"16,748",
34,"Sun, Oct 24, 2021",4:00p,Charlotte Hornets,111.0,Brooklyn Nets,95.0,Box Score,,"17,732",
35,"Sun, Oct 24, 2021",7:00p,Boston Celtics,107.0,Houston Rockets,97.0,Box Score,,"16,069",
36,"Sun, Oct 24, 2021",7:00p,Orlando Magic,110.0,New York Knicks,104.0,Box Score,,"16,273",
37,"Sun, Oct 24, 2021",7:00p,Philadelphia 76ers,115.0,Oklahoma City Thunder,103.0,Box Score,,"14,256",
38,"Sun, Oct 24, 2021",9:00p,Golden State Warriors,119.0,Sacramento Kings,107.0,Box Score,,"13,876",
39,"Sun, Oct 24, 2021",9:30p,Memphis Grizzlies,118.0,Los Angeles Lakers,121.0,Box Score,,"18,997",
40,"Mon, Oct 25, 2021",7:00p,Boston Celtics,140.0,Charlotte Hornets,129.0,Box Score,OT,"17,238",
41,"Mon, Oct 25, 2021",7:00p,Milwaukee Bucks,119.0,Indiana Pacers,109.0,Box Score,,"10,339",
42,"Mon, Oct 25, 2021",7:30p,Chicago Bulls,111.0,Toronto Raptors,108.0,Box Score,,"19,800",
43,"Mon, Oct 25, 2021",7:30p,Orlando Magic,90.0,Miami Heat,107.0,Box Score,,"19,600",
44,"Mon, Oct 25, 2021",7:30p,Washington Wizards,90.0,Brooklyn Nets,104.0,Box Score,,"14,487",
45,"Mon, Oct 25, 2021",7:30p,Detroit Pistons,104.0,Atlanta Hawks,122.0,Box Score,,"14,209",
46,"Mon, Oct 25, 2021",8:00p,New Orleans Pelicans,107.0,Minnesota Timberwolves,98.0,Box Score,,"14,435",
47,"Mon, Oct 25, 2021",9:00p,Cleveland Cavaliers,99.0,Denver Nuggets,87.0,Box Score,,"14,221",
48,"Mon, Oct 25, 2021",10:30p,Portland Trail Blazers,86.0,Los Angeles Clippers,116.0,Box Score,,"15,672",
49,"Tue, Oct 26, 2021",7:30p,Philadelphia 76ers,99.0,New York Knicks,112.0,Box Score,,"15,218",
50,"Tue, Oct 26, 2021",8:00p,Golden State Warriors,106.0,Oklahoma City Thunder,98.0,Box Score,,0,
51,"Tue, Oct 26, 2021",8:30p,Los Angeles Lakers,125.0,San Antonio Spurs,121.0,Box Score,OT,"18,354",
52,"Tue, Oct 26, 2021",8:30p,Houston Rockets,106.0,Dallas Mavericks,116.0,Box Score,,"19,337",
53,"Tue, Oct 26, 2021",10:00p,Denver Nuggets,110.0,Utah Jazz,122.0,Box Score,,"18,306",
54,"Wed, Oct 27, 2021",7:00p,Charlotte Hornets,120.0,Orlando Magic,111.0,Box Score,,"14,082",
55,"Wed, Oct 27, 2021",7:30p,Washington Wizards,116.0,Boston Celtics,107.0,Box Score,,,
56,"Wed, Oct 27, 2021",7:30p,Miami Heat,106.0,Brooklyn Nets,93.0,Box Score,,"17,732",
57,"Wed, Oct 27, 2021",7:30p,Indiana Pacers,100.0,Toronto Raptors,118.0,Box Score,,"19,800",
58,"Wed, Oct 27, 2021",7:30p,Atlanta Hawks,102.0,New Orleans Pelicans,99.0,Box Score,,"15,541",
59,"Wed, Oct 27, 2021",8:00p,Minnesota Timberwolves,113.0,Milwaukee Bucks,108.0,Box Score,,"17,341",
60,"Wed, Oct 27, 2021",8:00p,Los Angeles Lakers,115.0,Oklahoma City Thunder,123.0,Box Score,,"15,783",
61,"Wed, Oct 27, 2021",10:00p,Sacramento Kings,110.0,Phoenix Suns,107.0,Box Score,,"14,678",
62,"Wed, Oct 27, 2021",10:00p,Memphis Grizzlies,96.0,Portland Trail Blazers,116.0,Box Score,,"16,241",
63,"Wed, Oct 27, 2021",10:30p,Cleveland Cavaliers,92.0,Los Angeles Clippers,79.0,Box Score,,"13,276",
64,"Thu, Oct 28, 2021",7:00p,Atlanta Hawks,111.0,Washington Wizards,122.0,Box Score,,"13,653",
65,"Thu, Oct 28, 2021",7:00p,Detroit Pistons,102.0,Philadelphia 76ers,110.0,Box Score,,"20,017",
66,"Thu, Oct 28, 2021",8:00p,Utah Jazz,122.0,Houston Rockets,91.0,Box Score,,"15,858",
67,"Thu, Oct 28, 2021",8:00p,New York Knicks,104.0,Chicago Bulls,103.0,Box Score,,"20,972",
68,"Thu, Oct 28, 2021",8:30p,San Antonio Spurs,99.0,Dallas Mavericks,104.0,Box Score,,"19,228",
69,"Thu, Oct 28, 2021",10:00p,Memphis Grizzlies,104.0,Golden State Warriors,101.0,Box Score,OT,"18,064",
70,"Fri, Oct 29, 2021",7:00p,Orlando Magic,109.0,Toronto Raptors,110.0,Box Score,,"19,800",
71,"Fri, Oct 29, 2021",7:30p,Charlotte Hornets,99.0,Miami Heat,114.0,Box Score,,"19,600",
72,"Fri, Oct 29, 2021",7:30p,Indiana Pacers,98.0,Brooklyn Nets,105.0,Box Score,,"16,139",
73,"Fri, Oct 29, 2021",8:00p,Sacramento Kings,113.0,New Orleans Pelicans,109.0,Box Score,,"17,507",
74,"Fri, Oct 29, 2021",10:00p,Dallas Mavericks,75.0,Denver Nuggets,106.0,Box Score,,"18,315",
75,"Fri, Oct 29, 2021",10:00p,Los Angeles Clippers,92.0,Portland Trail Blazers,111.0,Box Score,,"16,510",
76,"Fri, Oct 29, 2021",10:30p,Cleveland Cavaliers,101.0,Los Angeles Lakers,113.0,Box Score,,"18,997",
77,"Sat, Oct 30, 2021",5:00p,Boston Celtics,112.0,Washington Wizards,115.0,Box Score,2OT,"15,813",
78,"Sat, Oct 30, 2021",7:00p,Orlando Magic,103.0,Detroit Pistons,110.0,Box Score,,"11,423",
79,"Sat, Oct 30, 2021",7:00p,New York Knicks,123.0,New Orleans Pelicans,117.0,Box Score,,"16,508",
80,"Sat, Oct 30, 2021",7:30p,Toronto Raptors,97.0,Indiana Pacers,94.0,Box Score,,"10,578",
81,"Sat, Oct 30, 2021",7:30p,Atlanta Hawks,94.0,Philadelphia 76ers,122.0,Box Score,,"20,031",
82,"Sat, Oct 30, 2021",8:00p,Utah Jazz,99.0,Chicago Bulls,107.0,Box Score,,"20,668",
83,"Sat, Oct 30, 2021",8:00p,Miami Heat,129.0,Memphis Grizzlies,103.0,Box Score,,"15,989",
84,"Sat, Oct 30, 2021",8:00p,San Antonio Spurs,102.0,Milwaukee Bucks,93.0,Box Score,,"17,341",
85,"Sat, Oct 30, 2021",8:30p,Oklahoma City Thunder,82.0,Golden State Warriors,103.0,Box Score,,"18,064",
86,"Sat, Oct 30, 2021",9:00p,Denver Nuggets,93.0,Minnesota Timberwolves,91.0,Box Score,,"17,136",
87,"Sat, Oct 30, 2021",10:00p,Cleveland Cavaliers,92.0,Phoenix Suns,101.0,Box Score,,"14,516",
88,"Sun, Oct 31, 2021",3:30p,Sacramento Kings,99.0,Dallas Mavericks,105.0,Box Score,,"19,231",
89,"Sun, Oct 31, 2021",7:00p,Portland Trail Blazers,113.0,Charlotte Hornets,125.0,Box Score,,"14,960",
90,"Sun, Oct 31, 2021",7:00p,Utah Jazz,107.0,Milwaukee Bucks,95.0,Box Score,,"17,341",
91,"Sun, Oct 31, 2021",7:30p,Detroit Pistons,91.0,Brooklyn Nets,117.0,Box Score,,"13,507",
92,"Sun, Oct 31, 2021",10:30p,Houston Rockets,85.0,Los Angeles Lakers,95.0,Box Score,,"16,448",
93,"Mon, Nov 1, 2021",7:00p,Cleveland Cavaliers,113.0,Charlotte Hornets,110.0,Box Score,,"13,889",
94,"Mon, Nov 1, 2021",7:00p,San Antonio Spurs,118.0,Indiana Pacers,131.0,Box Score,,"10,227",
95,"Mon, Nov 1, 2021",7:00p,Portland Trail Blazers,103.0,Philadelphia 76ers,113.0,Box Score,,"20,115",
96,"Mon, Nov 1, 2021",7:30p,Washington Wizards,111.0,Atlanta Hawks,118.0,Box Score,,"14,632",
97,"Mon, Nov 1, 2021",7:30p,Chicago Bulls,128.0,Boston Celtics,114.0,Box Score,,"19,156",
98,"Mon, Nov 1, 2021",7:30p,Toronto Raptors,113.0,New York Knicks,104.0,Box Score,,"16,528",
99,"Mon, Nov 1, 2021",8:00p,Denver Nuggets,97.0,Memphis Grizzlies,106.0,Box Score,,"12,683",
100,"Mon, Nov 1, 2021",8:00p,Orlando Magic,115.0,Minnesota Timberwolves,97.0,Box Score,,"14,744",
101,"Mon, Nov 1, 2021",10:30p,Oklahoma City Thunder,94.0,Los Angeles Clippers,99.0,Box Score,,"13,722",
102,"Tue, Nov 2, 2021",7:00p,Milwaukee Bucks,117.0,Detroit Pistons,89.0,Box Score,,"9,254",
103,"Tue, Nov 2, 2021",7:30p,Miami Heat,125.0,Dallas Mavericks,110.0,Box Score,,"19,255",
104,"Tue, Nov 2, 2021",9:00p,Sacramento Kings,113.0,Utah Jazz,119.0,Box Score,,"18,306",
105,"Tue, Nov 2, 2021",10:00p,New Orleans Pelicans,100.0,Phoenix Suns,112.0,Box Score,,"14,323",
106,"Tue, Nov 2, 2021",10:30p,Houston Rockets,117.0,Los Angeles Lakers,119.0,Box Score,,"18,997",
107,"Wed, Nov 3, 2021",7:00p,Portland Trail Blazers,104.0,Cleveland Cavaliers,107.0,Box Score,,"16,231",
108,"Wed, Nov 3, 2021",7:00p,New York Knicks,98.0,Indiana Pacers,111.0,Box Score,,"11,607",
109,"Wed, Nov 3, 2021",7:00p,Boston Celtics,92.0,Orlando Magic,79.0,Box Score,,"12,735",
110,"Wed, Nov 3, 2021",7:00p,Chicago Bulls,98.0,Philadelphia 76ers,103.0,Box Score,,"20,438",
111,"Wed, Nov 3, 2021",7:00p,Toronto Raptors,109.0,Washington Wizards,100.0,Box Score,,"13,538",
112,"Wed, Nov 3, 2021",7:30p,Atlanta Hawks,108.0,Brooklyn Nets,117.0,Box Score,,"17,323",
113,"Wed, Nov 3, 2021",8:00p,Denver Nuggets,106.0,Memphis Grizzlies,108.0,Box Score,,"12,977",
114,"Wed, Nov 3, 2021",8:00p,Los Angeles Clippers,126.0,Minnesota Timberwolves,115.0,Box Score,,"15,386",
115,"Wed, Nov 3, 2021",8:30p,Dallas Mavericks,109.0,San Antonio Spurs,108.0,Box Score,,"16,356",
116,"Wed, Nov 3, 2021",10:00p,Charlotte Hornets,92.0,Golden State Warriors,114.0,Box Score,,"18,064",
117,"Wed, Nov 3, 2021",10:00p,New Orleans Pelicans,99.0,Sacramento Kings,112.0,Box Score,,0,
118,"Thu, Nov 4, 2021",7:00p,Philadelphia 76ers,109.0,Detroit Pistons,98.0,Box Score,,"8,702",
119,"Thu, Nov 4, 2021",7:30p,Utah Jazz,116.0,Atlanta Hawks,98.0,Box Score,,"16,590",
120,"Thu, Nov 4, 2021",7:30p,Boston Celtics,95.0,Miami Heat,78.0,Box Score,,"19,600",
121,"Thu, Nov 4, 2021",10:00p,Houston Rockets,111.0,Phoenix Suns,123.0,Box Score,,"15,058",
122,"Thu, Nov 4, 2021",10:30p,Oklahoma City Thunder,107.0,Los Angeles Lakers,104.0,Box Score,,"18,997",
123,"Fri, Nov 5, 2021",7:00p,Brooklyn Nets,96.0,Detroit Pistons,90.0,Box Score,,"14,235",
124,"Fri, Nov 5, 2021",7:00p,San Antonio Spurs,102.0,Orlando Magic,89.0,Box Score,,"14,101",
125,"Fri, Nov 5, 2021",7:00p,Memphis Grizzlies,87.0,Washington Wizards,115.0,Box Score,,"16,302",
126,"Fri, Nov 5, 2021",7:30p,New York Knicks,113.0,Milwaukee Bucks,98.0,Box Score,,"17,341",
127,"Fri, Nov 5, 2021",7:30p,Cleveland Cavaliers,102.0,Toronto Raptors,101.0,Box Score,,"19,800",
128,"Fri, Nov 5, 2021",8:00p,Los Angeles Clippers,104.0,Minnesota Timberwolves,84.0,Box Score,,"17,136",
129,"Fri, Nov 5, 2021",10:00p,New Orleans Pelicans,85.0,Golden State Warriors,126.0,Box Score,,"18,064",
130,"Fri, Nov 5, 2021",10:00p,Indiana Pacers,106.0,Portland Trail Blazers,110.0,Box Score,,"16,841",
131,"Fri, Nov 5, 2021",10:00p,Charlotte Hornets,110.0,Sacramento Kings,140.0,Box Score,,"14,905",
132,"Sat, Nov 6, 2021",5:00p,Houston Rockets,94.0,Denver Nuggets,95.0,Box Score,,"16,046",
133,"Sat, Nov 6, 2021",7:30p,Utah Jazz,115.0,Miami Heat,118.0,Box Score,,"19,600",
134,"Sat, Nov 6, 2021",8:00p,Philadelphia 76ers,114.0,Chicago Bulls,105.0,Box Score,,"20,936",
135,"Sat, Nov 6, 2021",8:30p,Boston Celtics,104.0,Dallas Mavericks,107.0,Box Score,,"20,052",
136,"Sat, Nov 6, 2021",10:00p,Atlanta Hawks,117.0,Phoenix Suns,121.0,Box Score,,"15,412",
137,"Sat, Nov 6, 2021",10:30p,Los Angeles Lakers,90.0,Portland Trail Blazers,105.0,Box Score,,"19,393",
138,"Sun, Nov 7, 2021",3:30p,Brooklyn Nets,116.0,Toronto Raptors,103.0,Box Score,,"19,800",
139,"Sun, Nov 7, 2021",6:00p,Cleveland Cavaliers,126.0,New York Knicks,109.0,Box Score,,"19,040",
140,"Sun, Nov 7, 2021",6:00p,Utah Jazz,100.0,Orlando Magic,107.0,Box Score,,"13,386",
141,"Sun, Nov 7, 2021",6:00p,Indiana Pacers,94.0,Sacramento Kings,91.0,Box Score,,"12,993",
142,"Sun, Nov 7, 2021",6:00p,Milwaukee Bucks,94.0,Washington Wizards,101.0,Box Score,,"15,570",
143,"Sun, Nov 7, 2021",7:00p,San Antonio Spurs,94.0,Oklahoma City Thunder,99.0,Box Score,,"12,972",
144,"Sun, Nov 7, 2021",8:30p,Houston Rockets,107.0,Golden State Warriors,120.0,Box Score,,"18,064",
145,"Sun, Nov 7, 2021",9:00p,Charlotte Hornets,106.0,Los Angeles Clippers,120.0,Box Score,,"15,781",
146,"Mon, Nov 8, 2021",7:00p,New York Knicks,103.0,Philadelphia 76ers,96.0,Box Score,,"20,224",
147,"Mon, Nov 8, 2021",8:00p,Brooklyn Nets,95.0,Chicago Bulls,118.0,Box Score,,"19,459",
148,"Mon, Nov 8, 2021",8:00p,Minnesota Timberwolves,118.0,Memphis Grizzlies,125.0,Box Score,OT,"12,416",
149,"Mon, Nov 8, 2021",8:30p,New Orleans Pelicans,92.0,Dallas Mavericks,108.0,Box Score,,"19,231",
150,"Mon, Nov 8, 2021",9:00p,Miami Heat,96.0,Denver Nuggets,113.0,Box Score,,"15,577",
151,"Mon, Nov 8, 2021",10:00p,Atlanta Hawks,113.0,Golden State Warriors,127.0,Box Score,,"18,064",
152,"Mon, Nov 8, 2021",10:00p,Phoenix Suns,109.0,Sacramento Kings,104.0,Box Score,,"13,566",
153,"Mon, Nov 8, 2021",10:30p,Charlotte Hornets,123.0,Los Angeles Lakers,126.0,Box Score,OT,"18,997",
154,"Tue, Nov 9, 2021",7:30p,Milwaukee Bucks,118.0,Philadelphia 76ers,109.0,Box Score,,"20,029",
155,"Tue, Nov 9, 2021",9:00p,Atlanta Hawks,98.0,Utah Jazz,110.0,Box Score,,"18,306",
156,"Tue, Nov 9, 2021",10:00p,Portland Trail Blazers,109.0,Los Angeles Clippers,117.0,Box Score,,"14,131",
157,"Wed, Nov 10, 2021",7:00p,Washington Wizards,97.0,Cleveland Cavaliers,94.0,Box Score,,"18,056",
158,"Wed, Nov 10, 2021",7:00p,Brooklyn Nets,123.0,Orlando Magic,90.0,Box Score,,"13,882",
159,"Wed, Nov 10, 2021",7:30p,Toronto Raptors,88.0,Boston Celtics,104.0,Box Score,,"19,156",
160,"Wed, Nov 10, 2021",7:30p,Detroit Pistons,112.0,Houston Rockets,104.0,Box Score,,"15,350",
161,"Wed, Nov 10, 2021",7:30p,Milwaukee Bucks,112.0,New York Knicks,100.0,Box Score,,"18,027",
162,"Wed, Nov 10, 2021",8:00p,Dallas Mavericks,107.0,Chicago Bulls,117.0,Box Score,,"20,910",
163,"Wed, Nov 10, 2021",8:00p,Charlotte Hornets,118.0,Memphis Grizzlies,108.0,Box Score,,"13,880",
164,"Wed, Nov 10, 2021",8:00p,Oklahoma City Thunder,108.0,New Orleans Pelicans,100.0,Box Score,,"15,355",
165,"Wed, Nov 10, 2021",8:30p,Sacramento Kings,117.0,San Antonio Spurs,136.0,Box Score,,"15,065",
166,"Wed, Nov 10, 2021",9:00p,Indiana Pacers,98.0,Denver Nuggets,101.0,Box Score,,"15,232",
167,"Wed, Nov 10, 2021",9:00p,Portland Trail Blazers,109.0,Phoenix Suns,119.0,Box Score,,"15,672",
168,"Wed, Nov 10, 2021",10:00p,Minnesota Timberwolves,110.0,Golden State Warriors,123.0,Box Score,,"18,064",
169,"Wed, Nov 10, 2021",10:00p,Miami Heat,117.0,Los Angeles Lakers,120.0,Box Score,OT,"18,997",
170,"Thu, Nov 11, 2021",7:00p,Toronto Raptors,,Philadelphia 76ers,,,,,
171,"Thu, Nov 11, 2021",9:00p,Indiana Pacers,,Utah Jazz,,,,,
172,"Thu, Nov 11, 2021",10:30p,Miami Heat,,Los Angeles Clippers,,,,,
173,"Fri, Nov 12, 2021",7:00p,New York Knicks,,Charlotte Hornets,,,,,
174,"Fri, Nov 12, 2021",7:30p,Milwaukee Bucks,,Boston Celtics,,,,,
175,"Fri, Nov 12, 2021",7:30p,Detroit Pistons,,Cleveland Cavaliers,,,,,
176,"Fri, Nov 12, 2021",8:00p,Portland Trail Blazers,,Houston Rockets,,,,,
177,"Fri, Nov 12, 2021",8:00p,Phoenix Suns,,Memphis Grizzlies,,,,,
178,"Fri, Nov 12, 2021",8:00p,Brooklyn Nets,,New Orleans Pelicans,,,,,
179,"Fri, Nov 12, 2021",8:00p,Sacramento Kings,,Oklahoma City Thunder,,,,,
180,"Fri, Nov 12, 2021",8:30p,Dallas Mavericks,,San Antonio Spurs,,,,,
181,"Fri, Nov 12, 2021",9:00p,Atlanta Hawks,,Denver Nuggets,,,,,
182,"Fri, Nov 12, 2021",10:00p,Chicago Bulls,,Golden State Warriors,,,,,
183,"Fri, Nov 12, 2021",10:30p,Minnesota Timberwolves,,Los Angeles Lakers,,,,,
184,"Sat, Nov 13, 2021",5:00p,Miami Heat,,Utah Jazz,,,,,
185,"Sat, Nov 13, 2021",7:00p,Philadelphia 76ers,,Indiana Pacers,,,,,
186,"Sat, Nov 13, 2021",7:00p,Memphis Grizzlies,,New Orleans Pelicans,,,,,
187,"Sat, Nov 13, 2021",7:00p,Washington Wizards,,Orlando Magic,,,,,
188,"Sat, Nov 13, 2021",7:30p,Detroit Pistons,,Toronto Raptors,,,,,
189,"Sat, Nov 13, 2021",8:00p,Boston Celtics,,Cleveland Cavaliers,,,,,
190,"Sat, Nov 13, 2021",10:30p,Minnesota Timberwolves,,Los Angeles Clippers,,,,,
191,"Sun, Nov 14, 2021",3:30p,San Antonio Spurs,,Los Angeles Lakers,,,,,
192,"Sun, Nov 14, 2021",6:00p,Milwaukee Bucks,,Atlanta Hawks,,,,,
193,"Sun, Nov 14, 2021",7:00p,Golden State Warriors,,Charlotte Hornets,,,,,
194,"Sun, Nov 14, 2021",7:00p,Phoenix Suns,,Houston Rockets,,,,,
195,"Sun, Nov 14, 2021",7:00p,Brooklyn Nets,,Oklahoma City Thunder,,,,,
196,"Sun, Nov 14, 2021",8:00p,Portland Trail Blazers,,Denver Nuggets,,,,,
197,"Sun, Nov 14, 2021",9:30p,Chicago Bulls,,Los Angeles Clippers,,,,,
198,"Mon, Nov 15, 2021",7:00p,Boston Celtics,,Cleveland Cavaliers,,,,,
199,"Mon, Nov 15, 2021",7:00p,Sacramento Kings,,Detroit Pistons,,,,,
200,"Mon, Nov 15, 2021",7:00p,New Orleans Pelicans,,Washington Wizards,,,,,
201,"Mon, Nov 15, 2021",7:30p,Orlando Magic,,Atlanta Hawks,,,,,
202,"Mon, Nov 15, 2021",7:30p,Indiana Pacers,,New York Knicks,,,,,
203,"Mon, Nov 15, 2021",8:00p,Denver Nuggets,,Dallas Mavericks,,,,,
204,"Mon, Nov 15, 2021",8:00p,Houston Rockets,,Memphis Grizzlies,,,,,
205,"Mon, Nov 15, 2021",8:00p,Phoenix Suns,,Minnesota Timberwolves,,,,,
206,"Mon, Nov 15, 2021",8:00p,Miami Heat,,Oklahoma City Thunder,,,,,
207,"Mon, Nov 15, 2021",10:00p,Toronto Raptors,,Portland Trail Blazers,,,,,
208,"Mon, Nov 15, 2021",10:30p,Chicago Bulls,,Los Angeles Lakers,,,,,
209,"Tue, Nov 16, 2021",7:30p,Golden State Warriors,,Brooklyn Nets,,,,,
210,"Tue, Nov 16, 2021",10:00p,Philadelphia 76ers,,Utah Jazz,,,,,
211,"Tue, Nov 16, 2021",10:30p,San Antonio Spurs,,Los Angeles Clippers,,,,,
212,"Wed, Nov 17, 2021",7:00p,Washington Wizards,,Charlotte Hornets,,,,,
213,"Wed, Nov 17, 2021",7:00p,Indiana Pacers,,Detroit Pistons,,,,,
214,"Wed, Nov 17, 2021",7:30p,Boston Celtics,,Atlanta Hawks,,,,,
215,"Wed, Nov 17, 2021",7:30p,Cleveland Cavaliers,,Brooklyn Nets,,,,,
216,"Wed, Nov 17, 2021",7:30p,New Orleans Pelicans,,Miami Heat,,,,,
217,"Wed, Nov 17, 2021",7:30p,Los Angeles Lakers,,Milwaukee Bucks,,,,,
218,"Wed, Nov 17, 2021",7:30p,Orlando Magic,,New York Knicks,,,,,
219,"Wed, Nov 17, 2021",8:00p,Sacramento Kings,,Minnesota Timberwolves,,,,,
220,"Wed, Nov 17, 2021",8:00p,Houston Rockets,,Oklahoma City Thunder,,,,,
221,"Wed, Nov 17, 2021",10:00p,Dallas Mavericks,,Phoenix Suns,,,,,
222,"Wed, Nov 17, 2021",10:00p,Chicago Bulls,,Portland Trail Blazers,,,,,
223,"Thu, Nov 18, 2021",7:30p,Golden State Warriors,,Cleveland Cavaliers,,,,,
224,"Thu, Nov 18, 2021",7:30p,Washington Wizards,,Miami Heat,,,,,
225,"Thu, Nov 18, 2021",8:00p,Los Angeles Clippers,,Memphis Grizzlies,,,,,
226,"Thu, Nov 18, 2021",8:00p,San Antonio Spurs,,Minnesota Timberwolves,,,,,
227,"Thu, Nov 18, 2021",9:00p,Philadelphia 76ers,,Denver Nuggets,,,,,
228,"Thu, Nov 18, 2021",9:00p,Toronto Raptors,,Utah Jazz,,,,,
229,"Fri, Nov 19, 2021",7:00p,Indiana Pacers,,Charlotte Hornets,,,,,
230,"Fri, Nov 19, 2021",7:00p,Golden State Warriors,,Detroit Pistons,,,,,
231,"Fri, Nov 19, 2021",7:30p,Los Angeles Lakers,,Boston Celtics,,,,,
232,"Fri, Nov 19, 2021",7:30p,Orlando Magic,,Brooklyn Nets,,,,,
233,"Fri, Nov 19, 2021",8:00p,Oklahoma City Thunder,,Milwaukee Bucks,,,,,
234,"Fri, Nov 19, 2021",8:00p,Los Angeles Clippers,,New Orleans Pelicans,,,,,
235,"Fri, Nov 19, 2021",9:00p,Chicago Bulls,,Denver Nuggets,,,,,
236,"Fri, Nov 19, 2021",10:00p,Dallas Mavericks,,Phoenix Suns,,,,,
237,"Fri, Nov 19, 2021",10:00p,Toronto Raptors,,Sacramento Kings,,,,,
238,"Sat, Nov 20, 2021",5:00p,Houston Rockets,,New York Knicks,,,,,
239,"Sat, Nov 20, 2021",7:00p,New Orleans Pelicans,,Indiana Pacers,,,,,
240,"Sat, Nov 20, 2021",7:00p,Miami Heat,,Washington Wizards,,,,,
241,"Sat, Nov 20, 2021",7:30p,Charlotte Hornets,,Atlanta Hawks,,,,,
242,"Sat, Nov 20, 2021",7:30p,Oklahoma City Thunder,,Boston Celtics,,,,,
243,"Sat, Nov 20, 2021",8:00p,Orlando Magic,,Milwaukee Bucks,,,,,
244,"Sat, Nov 20, 2021",8:00p,Memphis Grizzlies,,Minnesota Timberwolves,,,,,
245,"Sat, Nov 20, 2021",10:00p,Philadelphia 76ers,,Portland Trail Blazers,,,,,
246,"Sat, Nov 20, 2021",10:00p,Utah Jazz,,Sacramento Kings,,,,,
247,"Sun, Nov 21, 2021",3:30p,Dallas Mavericks,,Los Angeles Clippers,,,,,
248,"Sun, Nov 21, 2021",6:00p,Los Angeles Lakers,,Detroit Pistons,,,,,
249,"Sun, Nov 21, 2021",8:00p,New York Knicks,,Chicago Bulls,,,,,
250,"Sun, Nov 21, 2021",8:00p,Denver Nuggets,,Phoenix Suns,,,,,
251,"Sun, Nov 21, 2021",8:30p,Toronto Raptors,,Golden State Warriors,,,,,
252,"Mon, Nov 22, 2021",7:00p,Brooklyn Nets,,Cleveland Cavaliers,,,,,
253,"Mon, Nov 22, 2021",7:00p,Charlotte Hornets,,Washington Wizards,,,,,
254,"Mon, Nov 22, 2021",7:30p,Oklahoma City Thunder,,Atlanta Hawks,,,,,
255,"Mon, Nov 22, 2021",7:30p,Houston Rockets,,Boston Celtics,,,,,
256,"Mon, Nov 22, 2021",8:00p,Indiana Pacers,,Chicago Bulls,,,,,
257,"Mon, Nov 22, 2021",8:00p,Orlando Magic,,Milwaukee Bucks,,,,,
258,"Mon, Nov 22, 2021",8:00p,Minnesota Timberwolves,,New Orleans Pelicans,,,,,
259,"Mon, Nov 22, 2021",8:30p,Phoenix Suns,,San Antonio Spurs,,,,,
260,"Mon, Nov 22, 2021",9:00p,Memphis Grizzlies,,Utah Jazz,,,,,
261,"Mon, Nov 22, 2021",10:00p,Philadelphia 76ers,,Sacramento Kings,,,,,
262,"Tue, Nov 23, 2021",7:00p,Miami Heat,,Detroit Pistons,,,,,
263,"Tue, Nov 23, 2021",7:30p,Los Angeles Lakers,,New York Knicks,,,,,
264,"Tue, Nov 23, 2021",10:00p,Denver Nuggets,,Portland Trail Blazers,,,,,
265,"Tue, Nov 23, 2021",10:30p,Dallas Mavericks,,Los Angeles Clippers,,,,,
266,"Wed, Nov 24, 2021",7:00p,Phoenix Suns,,Cleveland Cavaliers,,,,,
267,"Wed, Nov 24, 2021",7:00p,Los Angeles Lakers,,Indiana Pacers,,,,,
268,"Wed, Nov 24, 2021",7:00p,Charlotte Hornets,,Orlando Magic,,,,,
269,"Wed, Nov 24, 2021",7:30p,Brooklyn Nets,,Boston Celtics,,,,,
270,"Wed, Nov 24, 2021",8:00p,Chicago Bulls,,Houston Rockets,,,,,
271,"Wed, Nov 24, 2021",8:00p,Toronto Raptors,,Memphis Grizzlies,,,,,
272,"Wed, Nov 24, 2021",8:00p,Detroit Pistons,,Milwaukee Bucks,,,,,
273,"Wed, Nov 24, 2021",8:00p,Miami Heat,,Minnesota Timberwolves,,,,,
274,"Wed, Nov 24, 2021",8:00p,Washington Wizards,,New Orleans Pelicans,,,,,
275,"Wed, Nov 24, 2021",8:00p,Utah Jazz,,Oklahoma City Thunder,,,,,
276,"Wed, Nov 24, 2021",8:30p,Atlanta Hawks,,San Antonio Spurs,,,,,
277,"Wed, Nov 24, 2021",10:00p,Philadelphia 76ers,,Golden State Warriors,,,,,
278,"Wed, Nov 24, 2021",10:00p,Portland Trail Blazers,,Sacramento Kings,,,,,
279,"Fri, Nov 26, 2021",3:30p,Detroit Pistons,,Los Angeles Clippers,,,,,
280,"Fri, Nov 26, 2021",7:00p,Minnesota Timberwolves,,Charlotte Hornets,,,,,
281,"Fri, Nov 26, 2021",7:00p,Phoenix Suns,,New York Knicks,,,,,
282,"Fri, Nov 26, 2021",7:00p,Chicago Bulls,,Orlando Magic,,,,,
283,"Fri, Nov 26, 2021",8:00p,Toronto Raptors,,Indiana Pacers,,,,,
284,"Fri, Nov 26, 2021",8:00p,Atlanta Hawks,,Memphis Grizzlies,,,,,
285,"Fri, Nov 26, 2021",8:00p,Washington Wizards,,Oklahoma City Thunder,,,,,
286,"Fri, Nov 26, 2021",8:30p,Boston Celtics,,San Antonio Spurs,,,,,
287,"Fri, Nov 26, 2021",9:00p,Milwaukee Bucks,,Denver Nuggets,,,,,
288,"Fri, Nov 26, 2021",9:00p,New Orleans Pelicans,,Utah Jazz,,,,,
289,"Fri, Nov 26, 2021",10:00p,Portland Trail Blazers,,Golden State Warriors,,,,,
290,"Fri, Nov 26, 2021",10:30p,Sacramento Kings,,Los Angeles Lakers,,,,,
291,"Sat, Nov 27, 2021",6:00p,Minnesota Timberwolves,,Philadelphia 76ers,,,,,
292,"Sat, Nov 27, 2021",7:30p,New York Knicks,,Atlanta Hawks,,,,,
293,"Sat, Nov 27, 2021",7:30p,Phoenix Suns,,Brooklyn Nets,,,,,
294,"Sat, Nov 27, 2021",8:00p,Miami Heat,,Chicago Bulls,,,,,
295,"Sat, Nov 27, 2021",8:00p,Orlando Magic,,Cleveland Cavaliers,,,,,
296,"Sat, Nov 27, 2021",8:00p,Charlotte Hornets,,Houston Rockets,,,,,
297,"Sat, Nov 27, 2021",8:30p,Washington Wizards,,Dallas Mavericks,,,,,
298,"Sat, Nov 27, 2021",9:00p,New Orleans Pelicans,,Utah Jazz,,,,,
299,"Sun, Nov 28, 2021",3:30p,Golden State Warriors,,Los Angeles Clippers,,,,,
300,"Sun, Nov 28, 2021",5:00p,Milwaukee Bucks,,Indiana Pacers,,,,,
301,"Sun, Nov 28, 2021",6:00p,Sacramento Kings,,Memphis Grizzlies,,,,,
302,"Sun, Nov 28, 2021",6:00p,Boston Celtics,,Toronto Raptors,,,,,
303,"Sun, Nov 28, 2021",9:30p,Detroit Pistons,,Los Angeles Lakers,,,,,
304,"Mon, Nov 29, 2021",7:00p,Orlando Magic,,Philadelphia 76ers,,,,,
305,"Mon, Nov 29, 2021",7:30p,Denver Nuggets,,Miami Heat,,,,,
306,"Mon, Nov 29, 2021",8:00p,Charlotte Hornets,,Chicago Bulls,,,,,
307,"Mon, Nov 29, 2021",8:00p,Oklahoma City Thunder,,Houston Rockets,,,,,
308,"Mon, Nov 29, 2021",8:00p,Indiana Pacers,,Minnesota Timberwolves,,,,,
309,"Mon, Nov 29, 2021",8:30p,Cleveland Cavaliers,,Dallas Mavericks,,,,,
310,"Mon, Nov 29, 2021",8:30p,Washington Wizards,,San Antonio Spurs,,,,,
311,"Mon, Nov 29, 2021",9:00p,Portland Trail Blazers,,Utah Jazz,,,,,
312,"Mon, Nov 29, 2021",10:30p,New Orleans Pelicans,,Los Angeles Clippers,,,,,
313,"Tue, Nov 30, 2021",7:30p,New York Knicks,,Brooklyn Nets,,,,,
314,"Tue, Nov 30, 2021",7:30p,Memphis Grizzlies,,Toronto Raptors,,,,,
315,"Tue, Nov 30, 2021",10:00p,Golden State Warriors,,Phoenix Suns,,,,,
316,"Tue, Nov 30, 2021",10:00p,Detroit Pistons,,Portland Trail Blazers,,,,,
317,"Tue, Nov 30, 2021",10:00p,Los Angeles Lakers,,Sacramento Kings,,,,,
318,"Wed, Dec 1, 2021",7:00p,Atlanta Hawks,,Indiana Pacers,,,,,
319,"Wed, Dec 1, 2021",7:00p,Denver Nuggets,,Orlando Magic,,,,,
320,"Wed, Dec 1, 2021",7:00p,Minnesota Timberwolves,,Washington Wizards,,,,,
321,"Wed, Dec 1, 2021",7:30p,Philadelphia 76ers,,Boston Celtics,,,,,
322,"Wed, Dec 1, 2021",7:30p,Cleveland Cavaliers,,Miami Heat,,,,,
323,"Wed, Dec 1, 2021",8:00p,Charlotte Hornets,,Milwaukee Bucks,,,,,
324,"Wed, Dec 1, 2021",8:00p,Dallas Mavericks,,New Orleans Pelicans,,,,,
325,"Wed, Dec 1, 2021",8:00p,Houston Rockets,,Oklahoma City Thunder,,,,,
326,"Wed, Dec 1, 2021",10:30p,Sacramento Kings,,Los Angeles Clippers,,,,,
327,"Thu, Dec 2, 2021",7:30p,Chicago Bulls,,New York Knicks,,,,,
328,"Thu, Dec 2, 2021",7:30p,Milwaukee Bucks,,Toronto Raptors,,,,,
329,"Thu, Dec 2, 2021",8:00p,Oklahoma City Thunder,,Memphis Grizzlies,,,,,
330,"Thu, Dec 2, 2021",9:00p,Detroit Pistons,,Phoenix Suns,,,,,
331,"Thu, Dec 2, 2021",10:00p,San Antonio Spurs,,Portland Trail Blazers,,,,,
332,"Fri, Dec 3, 2021",7:00p,Miami Heat,,Indiana Pacers,,,,,
333,"Fri, Dec 3, 2021",7:00p,Cleveland Cavaliers,,Washington Wizards,,,,,
334,"Fri, Dec 3, 2021",7:30p,Philadelphia 76ers,,Atlanta Hawks,,,,,
335,"Fri, Dec 3, 2021",7:30p,Minnesota Timberwolves,,Brooklyn Nets,,,,,
336,"Fri, Dec 3, 2021",8:00p,Orlando Magic,,Houston Rockets,,,,,
337,"Fri, Dec 3, 2021",8:30p,New Orleans Pelicans,,Dallas Mavericks,,,,,
338,"Fri, Dec 3, 2021",9:00p,Boston Celtics,,Utah Jazz,,,,,
339,"Fri, Dec 3, 2021",10:00p,Phoenix Suns,,Golden State Warriors,,,,,
340,"Fri, Dec 3, 2021",10:00p,Los Angeles Clippers,,Los Angeles Lakers,,,,,
341,"Sat, Dec 4, 2021",1:00p,Denver Nuggets,,New York Knicks,,,,,
342,"Sat, Dec 4, 2021",7:30p,Chicago Bulls,,Brooklyn Nets,,,,,
343,"Sat, Dec 4, 2021",8:00p,Miami Heat,,Milwaukee Bucks,,,,,
344,"Sat, Dec 4, 2021",8:30p,Memphis Grizzlies,,Dallas Mavericks,,,,,
345,"Sat, Dec 4, 2021",8:30p,San Antonio Spurs,,Golden State Warriors,,,,,
346,"Sat, Dec 4, 2021",10:00p,Boston Celtics,,Portland Trail Blazers,,,,,
347,"Sat, Dec 4, 2021",10:00p,Los Angeles Clippers,,Sacramento Kings,,,,,
348,"Sun, Dec 5, 2021",3:30p,Utah Jazz,,Cleveland Cavaliers,,,,,
349,"Sun, Dec 5, 2021",6:00p,Charlotte Hornets,,Atlanta Hawks,,,,,
350,"Sun, Dec 5, 2021",6:00p,Washington Wizards,,Toronto Raptors,,,,,
351,"Sun, Dec 5, 2021",7:00p,New Orleans Pelicans,,Houston Rockets,,,,,
352,"Mon, Dec 6, 2021",7:00p,Philadelphia 76ers,,Charlotte Hornets,,,,,
353,"Mon, Dec 6, 2021",7:00p,Oklahoma City Thunder,,Detroit Pistons,,,,,
354,"Mon, Dec 6, 2021",7:00p,Washington Wizards,,Indiana Pacers,,,,,
355,"Mon, Dec 6, 2021",7:30p,Memphis Grizzlies,,Miami Heat,,,,,
356,"Mon, Dec 6, 2021",8:00p,Denver Nuggets,,Chicago Bulls,,,,,
357,"Mon, Dec 6, 2021",8:00p,Cleveland Cavaliers,,Milwaukee Bucks,,,,,
358,"Mon, Dec 6, 2021",8:00p,Atlanta Hawks,,Minnesota Timberwolves,,,,,
359,"Mon, Dec 6, 2021",9:00p,San Antonio Spurs,,Phoenix Suns,,,,,
360,"Mon, Dec 6, 2021",10:00p,Orlando Magic,,Golden State Warriors,,,,,
361,"Mon, Dec 6, 2021",10:00p,Los Angeles Clippers,,Portland Trail Blazers,,,,,
362,"Tue, Dec 7, 2021",7:30p,Brooklyn Nets,,Dallas Mavericks,,,,,
363,"Tue, Dec 7, 2021",8:30p,New York Knicks,,San Antonio Spurs,,,,,
364,"Tue, Dec 7, 2021",10:00p,Boston Celtics,,Los Angeles Lakers,,,,,
365,"Wed, Dec 8, 2021",7:00p,Philadelphia 76ers,,Charlotte Hornets,,,,,
366,"Wed, Dec 8, 2021",7:00p,Chicago Bulls,,Cleveland Cavaliers,,,,,
367,"Wed, Dec 8, 2021",7:00p,Washington Wizards,,Detroit Pistons,,,,,
368,"Wed, Dec 8, 2021",7:00p,New York Knicks,,Indiana Pacers,,,,,
369,"Wed, Dec 8, 2021",7:30p,Milwaukee Bucks,,Miami Heat,,,,,
370,"Wed, Dec 8, 2021",7:30p,Oklahoma City Thunder,,Toronto Raptors,,,,,
371,"Wed, Dec 8, 2021",8:00p,Brooklyn Nets,,Houston Rockets,,,,,
372,"Wed, Dec 8, 2021",8:00p,Dallas Mavericks,,Memphis Grizzlies,,,,,
373,"Wed, Dec 8, 2021",8:00p,Utah Jazz,,Minnesota Timberwolves,,,,,
374,"Wed, Dec 8, 2021",8:00p,Denver Nuggets,,New Orleans Pelicans,,,,,
375,"Wed, Dec 8, 2021",10:00p,Portland Trail Blazers,,Golden State Warriors,,,,,
376,"Wed, Dec 8, 2021",10:00p,Orlando Magic,,Sacramento Kings,,,,,
377,"Wed, Dec 8, 2021",10:30p,Boston Celtics,,Los Angeles Clippers,,,,,
378,"Thu, Dec 9, 2021",7:00p,Utah Jazz,,Philadelphia 76ers,,,,,
379,"Thu, Dec 9, 2021",8:00p,Los Angeles Lakers,,Memphis Grizzlies,,,,,
380,"Thu, Dec 9, 2021",8:30p,Denver Nuggets,,San Antonio Spurs,,,,,
381,"Fri, Dec 10, 2021",7:00p,Sacramento Kings,,Charlotte Hornets,,,,,
382,"Fri, Dec 10, 2021",7:00p,Dallas Mavericks,,Indiana Pacers,,,,,
383,"Fri, Dec 10, 2021",7:30p,Brooklyn Nets,,Atlanta Hawks,,,,,
384,"Fri, Dec 10, 2021",7:30p,New York Knicks,,Toronto Raptors,,,,,
385,"Fri, Dec 10, 2021",8:00p,Milwaukee Bucks,,Houston Rockets,,,,,
386,"Fri, Dec 10, 2021",8:00p,Cleveland Cavaliers,,Minnesota Timberwolves,,,,,
387,"Fri, Dec 10, 2021",8:00p,Detroit Pistons,,New Orleans Pelicans,,,,,
388,"Fri, Dec 10, 2021",8:00p,Los Angeles Lakers,,Oklahoma City Thunder,,,,,
389,"Fri, Dec 10, 2021",10:00p,Boston Celtics,,Phoenix Suns,,,,,
390,"Sat, Dec 11, 2021",3:30p,Orlando Magic,,Los Angeles Clippers,,,,,
391,"Sat, Dec 11, 2021",7:00p,Utah Jazz,,Washington Wizards,,,,,
392,"Sat, Dec 11, 2021",8:00p,Sacramento Kings,,Cleveland Cavaliers,,,,,
393,"Sat, Dec 11, 2021",8:00p,Houston Rockets,,Memphis Grizzlies,,,,,
394,"Sat, Dec 11, 2021",8:00p,Chicago Bulls,,Miami Heat,,,,,
395,"Sat, Dec 11, 2021",8:30p,Golden State Warriors,,Philadelphia 76ers,,,,,
396,"Sat, Dec 11, 2021",8:30p,Denver Nuggets,,San Antonio Spurs,,,,,
397,"Sun, Dec 12, 2021",12:00p,Milwaukee Bucks,,New York Knicks,,,,,
398,"Sun, Dec 12, 2021",6:00p,Brooklyn Nets,,Detroit Pistons,,,,,
399,"Sun, Dec 12, 2021",7:00p,Dallas Mavericks,,Oklahoma City Thunder,,,,,
400,"Sun, Dec 12, 2021",7:00p,New Orleans Pelicans,,San Antonio Spurs,,,,,
401,"Sun, Dec 12, 2021",9:00p,Minnesota Timberwolves,,Portland Trail Blazers,,,,,
402,"Sun, Dec 12, 2021",9:30p,Orlando Magic,,Los Angeles Lakers,,,,,
403,"Mon, Dec 13, 2021",7:00p,Miami Heat,,Cleveland Cavaliers,,,,,
404,"Mon, Dec 13, 2021",7:00p,Golden State Warriors,,Indiana Pacers,,,,,
405,"Mon, Dec 13, 2021",7:00p,Sacramento Kings,,Toronto Raptors,,,,,
406,"Mon, Dec 13, 2021",7:30p,Houston Rockets,,Atlanta Hawks,,,,,
407,"Mon, Dec 13, 2021",7:30p,Milwaukee Bucks,,Boston Celtics,,,,,
408,"Mon, Dec 13, 2021",8:00p,Philadelphia 76ers,,Memphis Grizzlies,,,,,
409,"Mon, Dec 13, 2021",8:30p,Charlotte Hornets,,Dallas Mavericks,,,,,
410,"Mon, Dec 13, 2021",9:00p,Washington Wizards,,Denver Nuggets,,,,,
411,"Mon, Dec 13, 2021",10:30p,Phoenix Suns,,Los Angeles Clippers,,,,,
412,"Tue, Dec 14, 2021",7:30p,Toronto Raptors,,Brooklyn Nets,,,,,
413,"Tue, Dec 14, 2021",7:30p,Golden State Warriors,,New York Knicks,,,,,
414,"Tue, Dec 14, 2021",8:00p,Detroit Pistons,,Chicago Bulls,,,,,
415,"Tue, Dec 14, 2021",10:00p,Phoenix Suns,,Portland Trail Blazers,,,,,
416,"Wed, Dec 15, 2021",7:00p,Houston Rockets,,Cleveland Cavaliers,,,,,
417,"Wed, Dec 15, 2021",7:00p,Atlanta Hawks,,Orlando Magic,,,,,
418,"Wed, Dec 15, 2021",7:00p,Miami Heat,,Philadelphia 76ers,,,,,
419,"Wed, Dec 15, 2021",7:30p,Los Angeles Lakers,,Dallas Mavericks,,,,,
420,"Wed, Dec 15, 2021",8:00p,Indiana Pacers,,Milwaukee Bucks,,,,,
421,"Wed, Dec 15, 2021",8:00p,New Orleans Pelicans,,Oklahoma City Thunder,,,,,
422,"Wed, Dec 15, 2021",8:30p,Charlotte Hornets,,San Antonio Spurs,,,,,
423,"Wed, Dec 15, 2021",9:00p,Minnesota Timberwolves,,Denver Nuggets,,,,,
424,"Wed, Dec 15, 2021",10:00p,Memphis Grizzlies,,Portland Trail Blazers,,,,,
425,"Wed, Dec 15, 2021",10:00p,Washington Wizards,,Sacramento Kings,,,,,
426,"Wed, Dec 15, 2021",10:00p,Los Angeles Clippers,,Utah Jazz,,,,,
427,"Thu, Dec 16, 2021",7:00p,Detroit Pistons,,Indiana Pacers,,,,,
428,"Thu, Dec 16, 2021",7:30p,Philadelphia 76ers,,Brooklyn Nets,,,,,
429,"Thu, Dec 16, 2021",7:30p,Chicago Bulls,,Toronto Raptors,,,,,
430,"Thu, Dec 16, 2021",8:00p,New York Knicks,,Houston Rockets,,,,,
431,"Thu, Dec 16, 2021",9:00p,Washington Wizards,,Phoenix Suns,,,,,
432,"Fri, Dec 17, 2021",7:00p,Miami Heat,,Orlando Magic,,,,,
433,"Fri, Dec 17, 2021",7:30p,Denver Nuggets,,Atlanta Hawks,,,,,
434,"Fri, Dec 17, 2021",7:30p,Golden State Warriors,,Boston Celtics,,,,,
435,"Fri, Dec 17, 2021",8:00p,Los Angeles Lakers,,Minnesota Timberwolves,,,,,
436,"Fri, Dec 17, 2021",9:00p,San Antonio Spurs,,Utah Jazz,,,,,
437,"Fri, Dec 17, 2021",10:00p,Milwaukee Bucks,,New Orleans Pelicans,,,,,
438,"Fri, Dec 17, 2021",10:00p,Charlotte Hornets,,Portland Trail Blazers,,,,,
439,"Fri, Dec 17, 2021",10:00p,Memphis Grizzlies,,Sacramento Kings,,,,,
440,"Sat, Dec 18, 2021",12:00p,Houston Rockets,,Detroit Pistons,,,,,
441,"Sat, Dec 18, 2021",7:30p,Orlando Magic,,Brooklyn Nets,,,,,
442,"Sat, Dec 18, 2021",7:30p,Golden State Warriors,,Toronto Raptors,,,,,
443,"Sat, Dec 18, 2021",8:00p,Los Angeles Clippers,,Oklahoma City Thunder,,,,,
444,"Sat, Dec 18, 2021",8:30p,New York Knicks,,Boston Celtics,,,,,
445,"Sat, Dec 18, 2021",9:00p,Cleveland Cavaliers,,Milwaukee Bucks,,,,,
446,"Sat, Dec 18, 2021",9:00p,Washington Wizards,,Utah Jazz,,,,,
447,"Sun, Dec 19, 2021",3:30p,Los Angeles Lakers,,Chicago Bulls,,,,,
448,"Sun, Dec 19, 2021",6:00p,Miami Heat,,Detroit Pistons,,,,,
449,"Sun, Dec 19, 2021",6:00p,Portland Trail Blazers,,Memphis Grizzlies,,,,,
450,"Sun, Dec 19, 2021",6:00p,San Antonio Spurs,,Sacramento Kings,,,,,
451,"Sun, Dec 19, 2021",7:30p,Cleveland Cavaliers,,Atlanta Hawks,,,,,
452,"Sun, Dec 19, 2021",7:30p,Denver Nuggets,,Brooklyn Nets,,,,,
453,"Sun, Dec 19, 2021",8:00p,Dallas Mavericks,,Minnesota Timberwolves,,,,,
454,"Sun, Dec 19, 2021",8:00p,New Orleans Pelicans,,Philadelphia 76ers,,,,,
455,"Sun, Dec 19, 2021",8:00p,Charlotte Hornets,,Phoenix Suns,,,,,
456,"Mon, Dec 20, 2021",7:30p,Philadelphia 76ers,,Boston Celtics,,,,,
457,"Mon, Dec 20, 2021",7:30p,Orlando Magic,,Toronto Raptors,,,,,
458,"Mon, Dec 20, 2021",8:00p,Houston Rockets,,Chicago Bulls,,,,,
459,"Mon, Dec 20, 2021",8:00p,Oklahoma City Thunder,,Memphis Grizzlies,,,,,
460,"Mon, Dec 20, 2021",9:00p,Charlotte Hornets,,Utah Jazz,,,,,
461,"Mon, Dec 20, 2021",10:00p,Sacramento Kings,,Golden State Warriors,,,,,
462,"Mon, Dec 20, 2021",10:30p,San Antonio Spurs,,Los Angeles Clippers,,,,,
463,"Tue, Dec 21, 2021",7:30p,Washington Wizards,,Brooklyn Nets,,,,,
464,"Tue, Dec 21, 2021",7:30p,Indiana Pacers,,Miami Heat,,,,,
465,"Tue, Dec 21, 2021",7:30p,Detroit Pistons,,New York Knicks,,,,,
466,"Tue, Dec 21, 2021",8:00p,Portland Trail Blazers,,New Orleans Pelicans,,,,,
467,"Tue, Dec 21, 2021",8:30p,Minnesota Timberwolves,,Dallas Mavericks,,,,,
468,"Tue, Dec 21, 2021",10:00p,Phoenix Suns,,Los Angeles Lakers,,,,,
469,"Wed, Dec 22, 2021",7:30p,Orlando Magic,,Atlanta Hawks,,,,,
470,"Wed, Dec 22, 2021",7:30p,Cleveland Cavaliers,,Boston Celtics,,,,,
471,"Wed, Dec 22, 2021",8:00p,Toronto Raptors,,Chicago Bulls,,,,,
472,"Wed, Dec 22, 2021",8:00p,Houston Rockets,,Milwaukee Bucks,,,,,
473,"Wed, Dec 22, 2021",8:00p,Denver Nuggets,,Oklahoma City Thunder,,,,,
474,"Wed, Dec 22, 2021",10:00p,Los Angeles Clippers,,Sacramento Kings,,,,,
475,"Thu, Dec 23, 2021",7:00p,Houston Rockets,,Indiana Pacers,,,,,
476,"Thu, Dec 23, 2021",7:00p,New Orleans Pelicans,,Orlando Magic,,,,,
477,"Thu, Dec 23, 2021",7:00p,Atlanta Hawks,,Philadelphia 76ers,,,,,
478,"Thu, Dec 23, 2021",7:30p,Detroit Pistons,,Miami Heat,,,,,
479,"Thu, Dec 23, 2021",7:30p,Washington Wizards,,New York Knicks,,,,,
480,"Thu, Dec 23, 2021",8:30p,Milwaukee Bucks,,Dallas Mavericks,,,,,
481,"Thu, Dec 23, 2021",9:00p,Charlotte Hornets,,Denver Nuggets,,,,,
482,"Thu, Dec 23, 2021",9:00p,Oklahoma City Thunder,,Phoenix Suns,,,,,
483,"Thu, Dec 23, 2021",9:00p,Minnesota Timberwolves,,Utah Jazz,,,,,
484,"Thu, Dec 23, 2021",10:00p,Memphis Grizzlies,,Golden State Warriors,,,,,
485,"Thu, Dec 23, 2021",10:00p,Brooklyn Nets,,Portland Trail Blazers,,,,,
486,"Thu, Dec 23, 2021",10:30p,San Antonio Spurs,,Los Angeles Lakers,,,,,
487,"Sat, Dec 25, 2021",12:00p,Atlanta Hawks,,New York Knicks,,,,,
488,"Sat, Dec 25, 2021",2:30p,Boston Celtics,,Milwaukee Bucks,,,,,
489,"Sat, Dec 25, 2021",5:00p,Golden State Warriors,,Phoenix Suns,,,,,
490,"Sat, Dec 25, 2021",8:00p,Brooklyn Nets,,Los Angeles Lakers,,,,,
491,"Sat, Dec 25, 2021",10:30p,Dallas Mavericks,,Utah Jazz,,,,,
492,"Sun, Dec 26, 2021",3:30p,Orlando Magic,,Miami Heat,,,,,
493,"Sun, Dec 26, 2021",6:00p,Toronto Raptors,,Cleveland Cavaliers,,,,,
494,"Sun, Dec 26, 2021",6:00p,Memphis Grizzlies,,Sacramento Kings,,,,,
495,"Sun, Dec 26, 2021",6:00p,Philadelphia 76ers,,Washington Wizards,,,,,
496,"Sun, Dec 26, 2021",7:00p,New Orleans Pelicans,,Oklahoma City Thunder,,,,,
497,"Sun, Dec 26, 2021",7:00p,Detroit Pistons,,San Antonio Spurs,,,,,
498,"Sun, Dec 26, 2021",8:00p,Indiana Pacers,,Chicago Bulls,,,,,
499,"Sun, Dec 26, 2021",9:00p,Denver Nuggets,,Los Angeles Clippers,,,,,
500,"Mon, Dec 27, 2021",7:00p,Houston Rockets,,Charlotte Hornets,,,,,
501,"Mon, Dec 27, 2021",7:30p,Chicago Bulls,,Atlanta Hawks,,,,,
502,"Mon, Dec 27, 2021",8:00p,Boston Celtics,,Minnesota Timberwolves,,,,,
503,"Mon, Dec 27, 2021",8:30p,Utah Jazz,,San Antonio Spurs,,,,,
504,"Mon, Dec 27, 2021",9:00p,Memphis Grizzlies,,Phoenix Suns,,,,,
505,"Mon, Dec 27, 2021",10:00p,Dallas Mavericks,,Portland Trail Blazers,,,,,
506,"Mon, Dec 27, 2021",10:30p,Brooklyn Nets,,Los Angeles Clippers,,,,,
507,"Tue, Dec 28, 2021",7:00p,Milwaukee Bucks,,Orlando Magic,,,,,
508,"Tue, Dec 28, 2021",7:30p,Washington Wizards,,Miami Heat,,,,,
509,"Tue, Dec 28, 2021",7:30p,Philadelphia 76ers,,Toronto Raptors,,,,,
510,"Tue, Dec 28, 2021",8:00p,Los Angeles Lakers,,Houston Rockets,,,,,
511,"Tue, Dec 28, 2021",8:00p,New York Knicks,,Minnesota Timberwolves,,,,,
512,"Tue, Dec 28, 2021",8:00p,Cleveland Cavaliers,,New Orleans Pelicans,,,,,
513,"Tue, Dec 28, 2021",10:00p,Denver Nuggets,,Golden State Warriors,,,,,
514,"Tue, Dec 28, 2021",10:00p,Oklahoma City Thunder,,Sacramento Kings,,,,,
515,"Wed, Dec 29, 2021",7:00p,New York Knicks,,Detroit Pistons,,,,,
516,"Wed, Dec 29, 2021",7:00p,Charlotte Hornets,,Indiana Pacers,,,,,
517,"Wed, Dec 29, 2021",7:30p,Los Angeles Clippers,,Boston Celtics,,,,,
518,"Wed, Dec 29, 2021",8:00p,Atlanta Hawks,,Chicago Bulls,,,,,
519,"Wed, Dec 29, 2021",8:00p,Los Angeles Lakers,,Memphis Grizzlies,,,,,
520,"Wed, Dec 29, 2021",8:30p,Miami Heat,,San Antonio Spurs,,,,,
521,"Wed, Dec 29, 2021",9:00p,Oklahoma City Thunder,,Phoenix Suns,,,,,
522,"Wed, Dec 29, 2021",10:00p,Utah Jazz,,Portland Trail Blazers,,,,,
523,"Wed, Dec 29, 2021",10:30p,Dallas Mavericks,,Sacramento Kings,,,,,
524,"Thu, Dec 30, 2021",7:00p,Philadelphia 76ers,,Brooklyn Nets,,,,,
525,"Thu, Dec 30, 2021",7:00p,Milwaukee Bucks,,Orlando Magic,,,,,
526,"Thu, Dec 30, 2021",7:00p,Cleveland Cavaliers,,Washington Wizards,,,,,
527,"Thu, Dec 30, 2021",9:30p,Golden State Warriors,,Denver Nuggets,,,,,
528,"Fri, Dec 31, 2021",1:00p,Phoenix Suns,,Boston Celtics,,,,,
529,"Fri, Dec 31, 2021",3:00p,Chicago Bulls,,Indiana Pacers,,,,,
530,"Fri, Dec 31, 2021",6:00p,Dallas Mavericks,,Sacramento Kings,,,,,
531,"Fri, Dec 31, 2021",7:00p,Miami Heat,,Houston Rockets,,,,,
532,"Fri, Dec 31, 2021",7:30p,Atlanta Hawks,,Cleveland Cavaliers,,,,,
533,"Fri, Dec 31, 2021",7:30p,Los Angeles Clippers,,Toronto Raptors,,,,,
534,"Fri, Dec 31, 2021",8:00p,San Antonio Spurs,,Memphis Grizzlies,,,,,
535,"Fri, Dec 31, 2021",8:00p,New York Knicks,,Oklahoma City Thunder,,,,,
536,"Fri, Dec 31, 2021",9:00p,Minnesota Timberwolves,,Utah Jazz,,,,,
537,"Fri, Dec 31, 2021",10:30p,Portland Trail Blazers,,Los Angeles Lakers,,,,,
538,"Sat, Jan 1, 2022",6:30p,New Orleans Pelicans,,Milwaukee Bucks,,,,,
539,"Sat, Jan 1, 2022",7:00p,San Antonio Spurs,,Detroit Pistons,,,,,
540,"Sat, Jan 1, 2022",7:00p,Chicago Bulls,,Washington Wizards,,,,,
541,"Sat, Jan 1, 2022",7:30p,Los Angeles Clippers,,Brooklyn Nets,,,,,
542,"Sat, Jan 1, 2022",8:00p,Denver Nuggets,,Houston Rockets,,,,,
543,"Sat, Jan 1, 2022",9:00p,Golden State Warriors,,Utah Jazz,,,,,
544,"Sun, Jan 2, 2022",3:30p,New York Knicks,,Toronto Raptors,,,,,
545,"Sun, Jan 2, 2022",6:00p,Orlando Magic,,Boston Celtics,,,,,
546,"Sun, Jan 2, 2022",6:00p,Indiana Pacers,,Cleveland Cavaliers,,,,,
547,"Sun, Jan 2, 2022",6:00p,Miami Heat,,Sacramento Kings,,,,,
548,"Sun, Jan 2, 2022",7:00p,Phoenix Suns,,Charlotte Hornets,,,,,
549,"Sun, Jan 2, 2022",7:00p,Dallas Mavericks,,Oklahoma City Thunder,,,,,
550,"Sun, Jan 2, 2022",9:30p,Minnesota Timberwolves,,Los Angeles Lakers,,,,,
551,"Mon, Jan 3, 2022",7:00p,Houston Rockets,,Philadelphia 76ers,,,,,
552,"Mon, Jan 3, 2022",7:00p,Charlotte Hornets,,Washington Wizards,,,,,
553,"Mon, Jan 3, 2022",7:30p,Memphis Grizzlies,,Brooklyn Nets,,,,,
554,"Mon, Jan 3, 2022",8:00p,Orlando Magic,,Chicago Bulls,,,,,
555,"Mon, Jan 3, 2022",8:00p,Detroit Pistons,,Milwaukee Bucks,,,,,
556,"Mon, Jan 3, 2022",8:00p,Utah Jazz,,New Orleans Pelicans,,,,,
557,"Mon, Jan 3, 2022",8:30p,Denver Nuggets,,Dallas Mavericks,,,,,
558,"Mon, Jan 3, 2022",10:00p,Miami Heat,,Golden State Warriors,,,,,
559,"Mon, Jan 3, 2022",10:00p,Atlanta Hawks,,Portland Trail Blazers,,,,,
560,"Mon, Jan 3, 2022",10:30p,Minnesota Timberwolves,,Los Angeles Clippers,,,,,
561,"Tue, Jan 4, 2022",7:00p,Memphis Grizzlies,,Cleveland Cavaliers,,,,,
562,"Tue, Jan 4, 2022",7:00p,San Antonio Spurs,,Toronto Raptors,,,,,
563,"Tue, Jan 4, 2022",7:30p,Indiana Pacers,,New York Knicks,,,,,
564,"Tue, Jan 4, 2022",8:00p,Phoenix Suns,,New Orleans Pelicans,,,,,
565,"Tue, Jan 4, 2022",10:30p,Sacramento Kings,,Los Angeles Lakers,,,,,
566,"Wed, Jan 5, 2022",7:00p,Detroit Pistons,,Charlotte Hornets,,,,,
567,"Wed, Jan 5, 2022",7:00p,Philadelphia 76ers,,Orlando Magic,,,,,
568,"Wed, Jan 5, 2022",7:00p,Houston Rockets,,Washington Wizards,,,,,
569,"Wed, Jan 5, 2022",7:30p,San Antonio Spurs,,Boston Celtics,,,,,
570,"Wed, Jan 5, 2022",7:30p,Golden State Warriors,,Dallas Mavericks,,,,,
571,"Wed, Jan 5, 2022",7:30p,Brooklyn Nets,,Indiana Pacers,,,,,
572,"Wed, Jan 5, 2022",8:00p,Toronto Raptors,,Milwaukee Bucks,,,,,
573,"Wed, Jan 5, 2022",8:00p,Oklahoma City Thunder,,Minnesota Timberwolves,,,,,
574,"Wed, Jan 5, 2022",10:00p,Utah Jazz,,Denver Nuggets,,,,,
575,"Wed, Jan 5, 2022",10:00p,Miami Heat,,Portland Trail Blazers,,,,,
576,"Wed, Jan 5, 2022",10:00p,Atlanta Hawks,,Sacramento Kings,,,,,
577,"Thu, Jan 6, 2022",7:30p,Boston Celtics,,New York Knicks,,,,,
578,"Thu, Jan 6, 2022",8:00p,Detroit Pistons,,Memphis Grizzlies,,,,,
579,"Thu, Jan 6, 2022",8:00p,Golden State Warriors,,New Orleans Pelicans,,,,,
580,"Thu, Jan 6, 2022",10:00p,Los Angeles Clippers,,Phoenix Suns,,,,,
581,"Fri, Jan 7, 2022",7:00p,San Antonio Spurs,,Philadelphia 76ers,,,,,
582,"Fri, Jan 7, 2022",7:30p,Milwaukee Bucks,,Brooklyn Nets,,,,,
583,"Fri, Jan 7, 2022",7:30p,Utah Jazz,,Toronto Raptors,,,,,
584,"Fri, Jan 7, 2022",8:00p,Washington Wizards,,Chicago Bulls,,,,,
585,"Fri, Jan 7, 2022",8:00p,Dallas Mavericks,,Houston Rockets,,,,,
586,"Fri, Jan 7, 2022",8:00p,Minnesota Timberwolves,,Oklahoma City Thunder,,,,,
587,"Fri, Jan 7, 2022",9:00p,Sacramento Kings,,Denver Nuggets,,,,,
588,"Fri, Jan 7, 2022",10:00p,Atlanta Hawks,,Los Angeles Lakers,,,,,
589,"Fri, Jan 7, 2022",10:00p,Cleveland Cavaliers,,Portland Trail Blazers,,,,,
590,"Sat, Jan 8, 2022",3:30p,Memphis Grizzlies,,Los Angeles Clippers,,,,,
591,"Sat, Jan 8, 2022",7:00p,Milwaukee Bucks,,Charlotte Hornets,,,,,
592,"Sat, Jan 8, 2022",7:00p,Orlando Magic,,Detroit Pistons,,,,,
593,"Sat, Jan 8, 2022",7:00p,Utah Jazz,,Indiana Pacers,,,,,
594,"Sat, Jan 8, 2022",7:30p,New York Knicks,,Boston Celtics,,,,,
595,"Sat, Jan 8, 2022",9:00p,Miami Heat,,Phoenix Suns,,,,,
596,"Sun, Jan 9, 2022",3:30p,Atlanta Hawks,,Los Angeles Clippers,,,,,
597,"Sun, Jan 9, 2022",6:00p,Washington Wizards,,Orlando Magic,,,,,
598,"Sun, Jan 9, 2022",6:00p,New Orleans Pelicans,,Toronto Raptors,,,,,
599,"Sun, Jan 9, 2022",7:00p,Minnesota Timberwolves,,Houston Rockets,,,,,
600,"Sun, Jan 9, 2022",7:00p,Denver Nuggets,,Oklahoma City Thunder,,,,,
601,"Sun, Jan 9, 2022",7:30p,San Antonio Spurs,,Brooklyn Nets,,,,,
602,"Sun, Jan 9, 2022",7:30p,Chicago Bulls,,Dallas Mavericks,,,,,
603,"Sun, Jan 9, 2022",8:30p,Cleveland Cavaliers,,Golden State Warriors,,,,,
604,"Sun, Jan 9, 2022",9:00p,Sacramento Kings,,Portland Trail Blazers,,,,,
605,"Sun, Jan 9, 2022",9:30p,Memphis Grizzlies,,Los Angeles Lakers,,,,,
606,"Mon, Jan 10, 2022",7:00p,Milwaukee Bucks,,Charlotte Hornets,,,,,
607,"Mon, Jan 10, 2022",7:00p,Utah Jazz,,Detroit Pistons,,,,,
608,"Mon, Jan 10, 2022",7:30p,Indiana Pacers,,Boston Celtics,,,,,
609,"Mon, Jan 10, 2022",7:30p,San Antonio Spurs,,New York Knicks,,,,,
610,"Mon, Jan 10, 2022",10:00p,Cleveland Cavaliers,,Sacramento Kings,,,,,
611,"Tue, Jan 11, 2022",7:00p,Oklahoma City Thunder,,Washington Wizards,,,,,
612,"Tue, Jan 11, 2022",7:30p,Phoenix Suns,,Toronto Raptors,,,,,
613,"Tue, Jan 11, 2022",8:00p,Golden State Warriors,,Memphis Grizzlies,,,,,
614,"Tue, Jan 11, 2022",8:00p,Minnesota Timberwolves,,New Orleans Pelicans,,,,,
615,"Tue, Jan 11, 2022",10:30p,Denver Nuggets,,Los Angeles Clippers,,,,,
616,"Wed, Jan 12, 2022",7:00p,Phoenix Suns,,Detroit Pistons,,,,,
617,"Wed, Jan 12, 2022",7:00p,Boston Celtics,,Indiana Pacers,,,,,
618,"Wed, Jan 12, 2022",7:00p,Charlotte Hornets,,Philadelphia 76ers,,,,,
619,"Wed, Jan 12, 2022",7:00p,Orlando Magic,,Washington Wizards,,,,,
620,"Wed, Jan 12, 2022",7:30p,Miami Heat,,Atlanta Hawks,,,,,
621,"Wed, Jan 12, 2022",7:30p,Dallas Mavericks,,New York Knicks,,,,,
622,"Wed, Jan 12, 2022",8:30p,Houston Rockets,,San Antonio Spurs,,,,,
623,"Wed, Jan 12, 2022",9:00p,Cleveland Cavaliers,,Utah Jazz,,,,,
624,"Wed, Jan 12, 2022",10:00p,Brooklyn Nets,,Chicago Bulls,,,,,
625,"Wed, Jan 12, 2022",10:00p,Los Angeles Lakers,,Sacramento Kings,,,,,
626,"Thu, Jan 13, 2022",7:30p,Golden State Warriors,,Milwaukee Bucks,,,,,
627,"Thu, Jan 13, 2022",8:00p,Minnesota Timberwolves,,Memphis Grizzlies,,,,,
628,"Thu, Jan 13, 2022",8:00p,Los Angeles Clippers,,New Orleans Pelicans,,,,,
629,"Thu, Jan 13, 2022",8:30p,Oklahoma City Thunder,,Brooklyn Nets,,,,,
630,"Thu, Jan 13, 2022",10:00p,Portland Trail Blazers,,Denver Nuggets,,,,,
631,"Fri, Jan 14, 2022",7:00p,Orlando Magic,,Charlotte Hornets,,,,,
632,"Fri, Jan 14, 2022",7:00p,Toronto Raptors,,Detroit Pistons,,,,,
633,"Fri, Jan 14, 2022",7:00p,Phoenix Suns,,Indiana Pacers,,,,,
634,"Fri, Jan 14, 2022",7:30p,Boston Celtics,,Philadelphia 76ers,,,,,
635,"Fri, Jan 14, 2022",8:00p,Golden State Warriors,,Chicago Bulls,,,,,
636,"Fri, Jan 14, 2022",8:00p,Atlanta Hawks,,Miami Heat,,,,,
637,"Fri, Jan 14, 2022",8:30p,Cleveland Cavaliers,,San Antonio Spurs,,,,,
638,"Fri, Jan 14, 2022",10:00p,Dallas Mavericks,,Memphis Grizzlies,,,,,
639,"Fri, Jan 14, 2022",10:00p,Houston Rockets,,Sacramento Kings,,,,,
640,"Sat, Jan 15, 2022",6:30p,Toronto Raptors,,Milwaukee Bucks,,,,,
641,"Sat, Jan 15, 2022",7:00p,Portland Trail Blazers,,Washington Wizards,,,,,
642,"Sat, Jan 15, 2022",7:30p,New York Knicks,,Atlanta Hawks,,,,,
643,"Sat, Jan 15, 2022",7:30p,New Orleans Pelicans,,Brooklyn Nets,,,,,
644,"Sat, Jan 15, 2022",8:00p,Philadelphia 76ers,,Miami Heat,,,,,
645,"Sat, Jan 15, 2022",8:00p,Cleveland Cavaliers,,Oklahoma City Thunder,,,,,
646,"Sat, Jan 15, 2022",8:30p,Chicago Bulls,,Boston Celtics,,,,,
647,"Sat, Jan 15, 2022",8:30p,Los Angeles Clippers,,San Antonio Spurs,,,,,
648,"Sat, Jan 15, 2022",9:00p,Los Angeles Lakers,,Denver Nuggets,,,,,
649,"Sat, Jan 15, 2022",9:30p,Orlando Magic,,Dallas Mavericks,,,,,
650,"Sun, Jan 16, 2022",6:00p,Houston Rockets,,Sacramento Kings,,,,,
651,"Sun, Jan 16, 2022",8:00p,Utah Jazz,,Denver Nuggets,,,,,
652,"Sun, Jan 16, 2022",8:00p,Golden State Warriors,,Minnesota Timberwolves,,,,,
653,"Mon, Jan 17, 2022",12:30p,New Orleans Pelicans,,Boston Celtics,,,,,
654,"Mon, Jan 17, 2022",1:00p,Charlotte Hornets,,New York Knicks,,,,,
655,"Mon, Jan 17, 2022",2:00p,Philadelphia 76ers,,Washington Wizards,,,,,
656,"Mon, Jan 17, 2022",3:00p,Brooklyn Nets,,Cleveland Cavaliers,,,,,
657,"Mon, Jan 17, 2022",3:30p,Indiana Pacers,,Los Angeles Clippers,,,,,
658,"Mon, Jan 17, 2022",3:30p,Chicago Bulls,,Memphis Grizzlies,,,,,
659,"Mon, Jan 17, 2022",6:00p,Milwaukee Bucks,,Atlanta Hawks,,,,,
660,"Mon, Jan 17, 2022",7:00p,Portland Trail Blazers,,Orlando Magic,,,,,
661,"Mon, Jan 17, 2022",7:30p,Toronto Raptors,,Miami Heat,,,,,
662,"Mon, Jan 17, 2022",8:30p,Oklahoma City Thunder,,Dallas Mavericks,,,,,
663,"Mon, Jan 17, 2022",8:30p,Phoenix Suns,,San Antonio Spurs,,,,,
664,"Mon, Jan 17, 2022",10:30p,Utah Jazz,,Los Angeles Lakers,,,,,
665,"Tue, Jan 18, 2022",7:30p,Minnesota Timberwolves,,New York Knicks,,,,,
666,"Tue, Jan 18, 2022",10:00p,Detroit Pistons,,Golden State Warriors,,,,,
667,"Wed, Jan 19, 2022",7:00p,Orlando Magic,,Philadelphia 76ers,,,,,
668,"Wed, Jan 19, 2022",7:00p,Brooklyn Nets,,Washington Wizards,,,,,
669,"Wed, Jan 19, 2022",7:30p,Minnesota Timberwolves,,Atlanta Hawks,,,,,
670,"Wed, Jan 19, 2022",7:30p,Charlotte Hornets,,Boston Celtics,,,,,
671,"Wed, Jan 19, 2022",7:30p,Portland Trail Blazers,,Miami Heat,,,,,
672,"Wed, Jan 19, 2022",8:00p,Cleveland Cavaliers,,Chicago Bulls,,,,,
673,"Wed, Jan 19, 2022",8:00p,Memphis Grizzlies,,Milwaukee Bucks,,,,,
674,"Wed, Jan 19, 2022",8:30p,Toronto Raptors,,Dallas Mavericks,,,,,
675,"Wed, Jan 19, 2022",8:30p,Oklahoma City Thunder,,San Antonio Spurs,,,,,
676,"Wed, Jan 19, 2022",9:00p,Houston Rockets,,Utah Jazz,,,,,
677,"Wed, Jan 19, 2022",10:00p,Los Angeles Clippers,,Denver Nuggets,,,,,
678,"Wed, Jan 19, 2022",10:00p,Detroit Pistons,,Sacramento Kings,,,,,
679,"Wed, Jan 19, 2022",10:30p,Indiana Pacers,,Los Angeles Lakers,,,,,
680,"Thu, Jan 20, 2022",7:30p,New Orleans Pelicans,,New York Knicks,,,,,
681,"Thu, Jan 20, 2022",10:00p,Phoenix Suns,,Dallas Mavericks,,,,,
682,"Thu, Jan 20, 2022",10:00p,Indiana Pacers,,Golden State Warriors,,,,,
683,"Fri, Jan 21, 2022",7:00p,Oklahoma City Thunder,,Charlotte Hornets,,,,,
684,"Fri, Jan 21, 2022",7:00p,Los Angeles Lakers,,Orlando Magic,,,,,
685,"Fri, Jan 21, 2022",7:00p,Los Angeles Clippers,,Philadelphia 76ers,,,,,
686,"Fri, Jan 21, 2022",7:30p,Miami Heat,,Atlanta Hawks,,,,,
687,"Fri, Jan 21, 2022",7:30p,Portland Trail Blazers,,Boston Celtics,,,,,
688,"Fri, Jan 21, 2022",8:00p,Chicago Bulls,,Milwaukee Bucks,,,,,
689,"Fri, Jan 21, 2022",8:00p,Toronto Raptors,,Washington Wizards,,,,,
690,"Fri, Jan 21, 2022",8:30p,Brooklyn Nets,,San Antonio Spurs,,,,,
691,"Fri, Jan 21, 2022",9:00p,Memphis Grizzlies,,Denver Nuggets,,,,,
692,"Fri, Jan 21, 2022",9:00p,Detroit Pistons,,Utah Jazz,,,,,
693,"Fri, Jan 21, 2022",10:00p,Houston Rockets,,Golden State Warriors,,,,,
694,"Sat, Jan 22, 2022",8:00p,Oklahoma City Thunder,,Cleveland Cavaliers,,,,,
695,"Sat, Jan 22, 2022",8:00p,Sacramento Kings,,Milwaukee Bucks,,,,,
696,"Sat, Jan 22, 2022",9:00p,Indiana Pacers,,Phoenix Suns,,,,,
697,"Sun, Jan 23, 2022",1:00p,Los Angeles Clippers,,New York Knicks,,,,,
698,"Sun, Jan 23, 2022",3:30p,Boston Celtics,,Washington Wizards,,,,,
699,"Sun, Jan 23, 2022",6:00p,Los Angeles Lakers,,Miami Heat,,,,,
700,"Sun, Jan 23, 2022",6:00p,Chicago Bulls,,Orlando Magic,,,,,
701,"Sun, Jan 23, 2022",6:00p,Portland Trail Blazers,,Toronto Raptors,,,,,
702,"Sun, Jan 23, 2022",7:00p,Atlanta Hawks,,Charlotte Hornets,,,,,
703,"Sun, Jan 23, 2022",7:00p,Philadelphia 76ers,,San Antonio Spurs,,,,,
704,"Sun, Jan 23, 2022",7:30p,Memphis Grizzlies,,Dallas Mavericks,,,,,
705,"Sun, Jan 23, 2022",8:00p,Detroit Pistons,,Denver Nuggets,,,,,
706,"Sun, Jan 23, 2022",8:00p,Brooklyn Nets,,Minnesota Timberwolves,,,,,
707,"Sun, Jan 23, 2022",8:30p,Utah Jazz,,Golden State Warriors,,,,,
708,"Mon, Jan 24, 2022",7:00p,New York Knicks,,Cleveland Cavaliers,,,,,
709,"Mon, Jan 24, 2022",7:30p,Chicago Bulls,,Atlanta Hawks,,,,,
710,"Mon, Jan 24, 2022",8:00p,Philadelphia 76ers,,Houston Rockets,,,,,
711,"Mon, Jan 24, 2022",8:00p,Indiana Pacers,,New Orleans Pelicans,,,,,
712,"Mon, Jan 24, 2022",9:00p,Utah Jazz,,Phoenix Suns,,,,,
713,"Tue, Jan 25, 2022",7:00p,Denver Nuggets,,Detroit Pistons,,,,,
714,"Tue, Jan 25, 2022",7:00p,Charlotte Hornets,,Toronto Raptors,,,,,
715,"Tue, Jan 25, 2022",7:00p,Los Angeles Clippers,,Washington Wizards,,,,,
716,"Tue, Jan 25, 2022",7:30p,Sacramento Kings,,Boston Celtics,,,,,
717,"Tue, Jan 25, 2022",7:30p,Los Angeles Lakers,,Brooklyn Nets,,,,,
718,"Tue, Jan 25, 2022",8:00p,San Antonio Spurs,,Houston Rockets,,,,,
719,"Tue, Jan 25, 2022",10:00p,Dallas Mavericks,,Golden State Warriors,,,,,
720,"Tue, Jan 25, 2022",10:00p,Minnesota Timberwolves,,Portland Trail Blazers,,,,,
721,"Wed, Jan 26, 2022",7:00p,Milwaukee Bucks,,Cleveland Cavaliers,,,,,
722,"Wed, Jan 26, 2022",7:00p,Charlotte Hornets,,Indiana Pacers,,,,,
723,"Wed, Jan 26, 2022",7:00p,Los Angeles Clippers,,Orlando Magic,,,,,
724,"Wed, Jan 26, 2022",7:30p,Sacramento Kings,,Atlanta Hawks,,,,,
725,"Wed, Jan 26, 2022",7:30p,Toronto Raptors,,Brooklyn Nets,,,,,
726,"Wed, Jan 26, 2022",7:30p,New York Knicks,,Miami Heat,,,,,
727,"Wed, Jan 26, 2022",7:30p,Memphis Grizzlies,,San Antonio Spurs,,,,,
728,"Wed, Jan 26, 2022",8:00p,Denver Nuggets,,New Orleans Pelicans,,,,,
729,"Wed, Jan 26, 2022",8:00p,Chicago Bulls,,Oklahoma City Thunder,,,,,
730,"Wed, Jan 26, 2022",10:00p,Dallas Mavericks,,Portland Trail Blazers,,,,,
731,"Wed, Jan 26, 2022",10:00p,Phoenix Suns,,Utah Jazz,,,,,
732,"Thu, Jan 27, 2022",7:30p,Los Angeles Lakers,,Philadelphia 76ers,,,,,
733,"Thu, Jan 27, 2022",10:00p,Minnesota Timberwolves,,Golden State Warriors,,,,,
734,"Fri, Jan 28, 2022",7:00p,Los Angeles Lakers,,Charlotte Hornets,,,,,
735,"Fri, Jan 28, 2022",7:00p,Detroit Pistons,,Orlando Magic,,,,,
736,"Fri, Jan 28, 2022",7:30p,Boston Celtics,,Atlanta Hawks,,,,,
737,"Fri, Jan 28, 2022",8:00p,Portland Trail Blazers,,Houston Rockets,,,,,
738,"Fri, Jan 28, 2022",8:00p,Utah Jazz,,Memphis Grizzlies,,,,,
739,"Fri, Jan 28, 2022",8:00p,Los Angeles Clippers,,Miami Heat,,,,,
740,"Fri, Jan 28, 2022",8:00p,Indiana Pacers,,Oklahoma City Thunder,,,,,
741,"Fri, Jan 28, 2022",8:30p,Chicago Bulls,,San Antonio Spurs,,,,,
742,"Fri, Jan 28, 2022",9:00p,Minnesota Timberwolves,,Phoenix Suns,,,,,
743,"Fri, Jan 28, 2022",10:00p,New York Knicks,,Milwaukee Bucks,,,,,
744,"Sat, Jan 29, 2022",6:00p,Boston Celtics,,New Orleans Pelicans,,,,,
745,"Sat, Jan 29, 2022",7:00p,Indiana Pacers,,Dallas Mavericks,,,,,
746,"Sat, Jan 29, 2022",7:30p,Sacramento Kings,,Philadelphia 76ers,,,,,
747,"Sat, Jan 29, 2022",8:00p,Washington Wizards,,Memphis Grizzlies,,,,,
748,"Sat, Jan 29, 2022",8:00p,Toronto Raptors,,Miami Heat,,,,,
749,"Sat, Jan 29, 2022",8:30p,Brooklyn Nets,,Golden State Warriors,,,,,
750,"Sun, Jan 30, 2022",1:00p,Los Angeles Lakers,,Atlanta Hawks,,,,,
751,"Sun, Jan 30, 2022",1:00p,Los Angeles Clippers,,Charlotte Hornets,,,,,
752,"Sun, Jan 30, 2022",3:30p,Portland Trail Blazers,,Chicago Bulls,,,,,
753,"Sun, Jan 30, 2022",6:00p,Cleveland Cavaliers,,Detroit Pistons,,,,,
754,"Sun, Jan 30, 2022",7:00p,Denver Nuggets,,Milwaukee Bucks,,,,,
755,"Sun, Jan 30, 2022",7:00p,Dallas Mavericks,,Orlando Magic,,,,,
756,"Sun, Jan 30, 2022",8:00p,Utah Jazz,,Minnesota Timberwolves,,,,,
757,"Sun, Jan 30, 2022",8:00p,San Antonio Spurs,,Phoenix Suns,,,,,
758,"Mon, Jan 31, 2022",7:00p,New Orleans Pelicans,,Cleveland Cavaliers,,,,,
759,"Mon, Jan 31, 2022",7:00p,Los Angeles Clippers,,Indiana Pacers,,,,,
760,"Mon, Jan 31, 2022",7:00p,Memphis Grizzlies,,Philadelphia 76ers,,,,,
761,"Mon, Jan 31, 2022",7:30p,Miami Heat,,Boston Celtics,,,,,
762,"Mon, Jan 31, 2022",7:30p,Sacramento Kings,,New York Knicks,,,,,
763,"Mon, Jan 31, 2022",8:00p,Golden State Warriors,,Houston Rockets,,,,,
764,"Mon, Jan 31, 2022",8:00p,Portland Trail Blazers,,Oklahoma City Thunder,,,,,
765,"Tue, Feb 1, 2022",7:00p,New Orleans Pelicans,,Detroit Pistons,,,,,
766,"Tue, Feb 1, 2022",7:30p,Toronto Raptors,,Atlanta Hawks,,,,,
767,"Tue, Feb 1, 2022",7:30p,Washington Wizards,,Milwaukee Bucks,,,,,
768,"Tue, Feb 1, 2022",8:00p,Orlando Magic,,Chicago Bulls,,,,,
769,"Tue, Feb 1, 2022",8:00p,Denver Nuggets,,Minnesota Timberwolves,,,,,
770,"Tue, Feb 1, 2022",8:30p,Golden State Warriors,,San Antonio Spurs,,,,,
771,"Tue, Feb 1, 2022",10:00p,Brooklyn Nets,,Phoenix Suns,,,,,
772,"Wed, Feb 2, 2022",7:00p,Orlando Magic,,Indiana Pacers,,,,,
773,"Wed, Feb 2, 2022",7:00p,Washington Wizards,,Philadelphia 76ers,,,,,
774,"Wed, Feb 2, 2022",7:30p,Charlotte Hornets,,Boston Celtics,,,,,
775,"Wed, Feb 2, 2022",7:30p,Memphis Grizzlies,,New York Knicks,,,,,
776,"Wed, Feb 2, 2022",8:00p,Cleveland Cavaliers,,Houston Rockets,,,,,
777,"Wed, Feb 2, 2022",8:30p,Oklahoma City Thunder,,Dallas Mavericks,,,,,
778,"Wed, Feb 2, 2022",10:00p,Brooklyn Nets,,Sacramento Kings,,,,,
779,"Wed, Feb 2, 2022",10:00p,Denver Nuggets,,Utah Jazz,,,,,
780,"Wed, Feb 2, 2022",10:30p,Portland Trail Blazers,,Los Angeles Lakers,,,,,
781,"Thu, Feb 3, 2022",7:00p,Minnesota Timberwolves,,Detroit Pistons,,,,,
782,"Thu, Feb 3, 2022",7:30p,Phoenix Suns,,Atlanta Hawks,,,,,
783,"Thu, Feb 3, 2022",7:30p,Miami Heat,,Toronto Raptors,,,,,
784,"Thu, Feb 3, 2022",10:00p,Sacramento Kings,,Golden State Warriors,,,,,
785,"Thu, Feb 3, 2022",10:00p,Los Angeles Lakers,,Los Angeles Clippers,,,,,
786,"Fri, Feb 4, 2022",7:00p,Cleveland Cavaliers,,Charlotte Hornets,,,,,
787,"Fri, Feb 4, 2022",7:00p,Boston Celtics,,Detroit Pistons,,,,,
788,"Fri, Feb 4, 2022",7:00p,Chicago Bulls,,Indiana Pacers,,,,,
789,"Fri, Feb 4, 2022",7:30p,Atlanta Hawks,,Toronto Raptors,,,,,
790,"Fri, Feb 4, 2022",8:30p,Philadelphia 76ers,,Dallas Mavericks,,,,,
791,"Fri, Feb 4, 2022",8:30p,Houston Rockets,,San Antonio Spurs,,,,,
792,"Fri, Feb 4, 2022",9:00p,Brooklyn Nets,,Utah Jazz,,,,,
793,"Fri, Feb 4, 2022",10:00p,New Orleans Pelicans,,Denver Nuggets,,,,,
794,"Fri, Feb 4, 2022",10:00p,Oklahoma City Thunder,,Portland Trail Blazers,,,,,
795,"Sat, Feb 5, 2022",5:00p,Memphis Grizzlies,,Orlando Magic,,,,,
796,"Sat, Feb 5, 2022",7:00p,Miami Heat,,Charlotte Hornets,,,,,
797,"Sat, Feb 5, 2022",7:00p,Phoenix Suns,,Washington Wizards,,,,,
798,"Sat, Feb 5, 2022",8:30p,New York Knicks,,Los Angeles Lakers,,,,,
799,"Sat, Feb 5, 2022",10:00p,Milwaukee Bucks,,Portland Trail Blazers,,,,,
800,"Sat, Feb 5, 2022",10:00p,Oklahoma City Thunder,,Sacramento Kings,,,,,
801,"Sun, Feb 6, 2022",3:30p,Philadelphia 76ers,,Chicago Bulls,,,,,
802,"Sun, Feb 6, 2022",3:30p,Brooklyn Nets,,Denver Nuggets,,,,,
803,"Sun, Feb 6, 2022",3:30p,Detroit Pistons,,Minnesota Timberwolves,,,,,
804,"Sun, Feb 6, 2022",6:00p,Indiana Pacers,,Cleveland Cavaliers,,,,,
805,"Sun, Feb 6, 2022",6:00p,Atlanta Hawks,,Dallas Mavericks,,,,,
806,"Sun, Feb 6, 2022",6:00p,Boston Celtics,,Orlando Magic,,,,,
807,"Sun, Feb 6, 2022",7:00p,New Orleans Pelicans,,Houston Rockets,,,,,
808,"Sun, Feb 6, 2022",9:00p,Milwaukee Bucks,,Los Angeles Clippers,,,,,
809,"Mon, Feb 7, 2022",7:00p,Toronto Raptors,,Charlotte Hornets,,,,,
810,"Mon, Feb 7, 2022",7:00p,Miami Heat,,Washington Wizards,,,,,
811,"Mon, Feb 7, 2022",8:00p,Phoenix Suns,,Chicago Bulls,,,,,
812,"Mon, Feb 7, 2022",8:00p,Golden State Warriors,,Oklahoma City Thunder,,,,,
813,"Mon, Feb 7, 2022",9:00p,New York Knicks,,Utah Jazz,,,,,
814,"Tue, Feb 8, 2022",7:00p,Phoenix Suns,,Philadelphia 76ers,,,,,
815,"Tue, Feb 8, 2022",7:30p,Indiana Pacers,,Atlanta Hawks,,,,,
816,"Tue, Feb 8, 2022",7:30p,Boston Celtics,,Brooklyn Nets,,,,,
817,"Tue, Feb 8, 2022",8:00p,Los Angeles Clippers,,Memphis Grizzlies,,,,,
818,"Tue, Feb 8, 2022",8:00p,Houston Rockets,,New Orleans Pelicans,,,,,
819,"Tue, Feb 8, 2022",8:30p,Detroit Pistons,,Dallas Mavericks,,,,,
820,"Tue, Feb 8, 2022",9:00p,New York Knicks,,Denver Nuggets,,,,,
821,"Tue, Feb 8, 2022",10:00p,Milwaukee Bucks,,Los Angeles Lakers,,,,,
822,"Tue, Feb 8, 2022",10:00p,Orlando Magic,,Portland Trail Blazers,,,,,
823,"Tue, Feb 8, 2022",10:00p,Minnesota Timberwolves,,Sacramento Kings,,,,,
824,"Wed, Feb 9, 2022",7:00p,San Antonio Spurs,,Cleveland Cavaliers,,,,,
825,"Wed, Feb 9, 2022",7:30p,Chicago Bulls,,Charlotte Hornets,,,,,
826,"Wed, Feb 9, 2022",8:00p,Toronto Raptors,,Oklahoma City Thunder,,,,,
827,"Wed, Feb 9, 2022",10:00p,Los Angeles Lakers,,Portland Trail Blazers,,,,,
828,"Wed, Feb 9, 2022",10:00p,Minnesota Timberwolves,,Sacramento Kings,,,,,
829,"Wed, Feb 9, 2022",10:00p,Golden State Warriors,,Utah Jazz,,,,,
830,"Thu, Feb 10, 2022",7:00p,Memphis Grizzlies,,Detroit Pistons,,,,,
831,"Thu, Feb 10, 2022",7:00p,Brooklyn Nets,,Washington Wizards,,,,,
832,"Thu, Feb 10, 2022",7:30p,Miami Heat,,New Orleans Pelicans,,,,,
833,"Thu, Feb 10, 2022",8:00p,Toronto Raptors,,Houston Rockets,,,,,
834,"Thu, Feb 10, 2022",8:30p,Los Angeles Clippers,,Dallas Mavericks,,,,,
835,"Thu, Feb 10, 2022",10:00p,New York Knicks,,Golden State Warriors,,,,,
836,"Thu, Feb 10, 2022",10:00p,Milwaukee Bucks,,Phoenix Suns,,,,,
837,"Fri, Feb 11, 2022",7:00p,Charlotte Hornets,,Detroit Pistons,,,,,
838,"Fri, Feb 11, 2022",7:00p,Cleveland Cavaliers,,Indiana Pacers,,,,,
839,"Fri, Feb 11, 2022",7:00p,Oklahoma City Thunder,,Philadelphia 76ers,,,,,
840,"Fri, Feb 11, 2022",7:30p,San Antonio Spurs,,Atlanta Hawks,,,,,
841,"Fri, Feb 11, 2022",7:30p,Denver Nuggets,,Boston Celtics,,,,,
842,"Fri, Feb 11, 2022",8:00p,Minnesota Timberwolves,,Chicago Bulls,,,,,
843,"Fri, Feb 11, 2022",9:00p,Orlando Magic,,Utah Jazz,,,,,
844,"Sat, Feb 12, 2022",5:00p,New York Knicks,,Portland Trail Blazers,,,,,
845,"Sat, Feb 12, 2022",7:00p,Memphis Grizzlies,,Charlotte Hornets,,,,,
846,"Sat, Feb 12, 2022",7:00p,San Antonio Spurs,,New Orleans Pelicans,,,,,
847,"Sat, Feb 12, 2022",7:00p,Sacramento Kings,,Washington Wizards,,,,,
848,"Sat, Feb 12, 2022",7:30p,Cleveland Cavaliers,,Philadelphia 76ers,,,,,
849,"Sat, Feb 12, 2022",7:30p,Denver Nuggets,,Toronto Raptors,,,,,
850,"Sat, Feb 12, 2022",8:00p,Oklahoma City Thunder,,Chicago Bulls,,,,,
851,"Sat, Feb 12, 2022",8:00p,Brooklyn Nets,,Miami Heat,,,,,
852,"Sat, Feb 12, 2022",8:30p,Los Angeles Clippers,,Dallas Mavericks,,,,,
853,"Sat, Feb 12, 2022",8:30p,Los Angeles Lakers,,Golden State Warriors,,,,,
854,"Sat, Feb 12, 2022",9:00p,Orlando Magic,,Phoenix Suns,,,,,
855,"Sun, Feb 13, 2022",2:00p,Atlanta Hawks,,Boston Celtics,,,,,
856,"Sun, Feb 13, 2022",3:00p,Minnesota Timberwolves,,Indiana Pacers,,,,,
857,"Mon, Feb 14, 2022",7:00p,Detroit Pistons,,Washington Wizards,,,,,
858,"Mon, Feb 14, 2022",7:30p,Sacramento Kings,,Brooklyn Nets,,,,,
859,"Mon, Feb 14, 2022",7:30p,Oklahoma City Thunder,,New York Knicks,,,,,
860,"Mon, Feb 14, 2022",8:00p,San Antonio Spurs,,Chicago Bulls,,,,,
861,"Mon, Feb 14, 2022",8:00p,Portland Trail Blazers,,Milwaukee Bucks,,,,,
862,"Mon, Feb 14, 2022",8:00p,Toronto Raptors,,New Orleans Pelicans,,,,,
863,"Mon, Feb 14, 2022",9:00p,Orlando Magic,,Denver Nuggets,,,,,
864,"Mon, Feb 14, 2022",9:00p,Houston Rockets,,Utah Jazz,,,,,
865,"Mon, Feb 14, 2022",10:30p,Golden State Warriors,,Los Angeles Clippers,,,,,
866,"Tue, Feb 15, 2022",7:30p,Cleveland Cavaliers,,Atlanta Hawks,,,,,
867,"Tue, Feb 15, 2022",7:30p,Dallas Mavericks,,Miami Heat,,,,,
868,"Tue, Feb 15, 2022",7:30p,Boston Celtics,,Philadelphia 76ers,,,,,
869,"Tue, Feb 15, 2022",8:00p,Indiana Pacers,,Milwaukee Bucks,,,,,
870,"Tue, Feb 15, 2022",8:00p,Charlotte Hornets,,Minnesota Timberwolves,,,,,
871,"Tue, Feb 15, 2022",8:00p,Memphis Grizzlies,,New Orleans Pelicans,,,,,
872,"Tue, Feb 15, 2022",10:00p,Los Angeles Clippers,,Phoenix Suns,,,,,
873,"Wed, Feb 16, 2022",7:00p,Atlanta Hawks,,Orlando Magic,,,,,
874,"Wed, Feb 16, 2022",7:30p,Detroit Pistons,,Boston Celtics,,,,,
875,"Wed, Feb 16, 2022",7:30p,Washington Wizards,,Indiana Pacers,,,,,
876,"Wed, Feb 16, 2022",7:30p,Brooklyn Nets,,New York Knicks,,,,,
877,"Wed, Feb 16, 2022",8:00p,Sacramento Kings,,Chicago Bulls,,,,,
878,"Wed, Feb 16, 2022",8:00p,Portland Trail Blazers,,Memphis Grizzlies,,,,,
879,"Wed, Feb 16, 2022",8:00p,Toronto Raptors,,Minnesota Timberwolves,,,,,
880,"Wed, Feb 16, 2022",8:00p,San Antonio Spurs,,Oklahoma City Thunder,,,,,
881,"Wed, Feb 16, 2022",9:00p,Houston Rockets,,Phoenix Suns,,,,,
882,"Wed, Feb 16, 2022",10:00p,Denver Nuggets,,Golden State Warriors,,,,,
883,"Wed, Feb 16, 2022",10:00p,Utah Jazz,,Los Angeles Lakers,,,,,
884,"Thu, Feb 17, 2022",7:00p,Miami Heat,,Charlotte Hornets,,,,,
885,"Thu, Feb 17, 2022",8:00p,Dallas Mavericks,,New Orleans Pelicans,,,,,
886,"Thu, Feb 17, 2022",8:30p,Philadelphia 76ers,,Milwaukee Bucks,,,,,
887,"Thu, Feb 17, 2022",10:30p,Houston Rockets,,Los Angeles Clippers,,,,,
888,"Thu, Feb 24, 2022",7:00p,Cleveland Cavaliers,,Detroit Pistons,,,,,
889,"Thu, Feb 24, 2022",7:30p,Boston Celtics,,Brooklyn Nets,,,,,
890,"Thu, Feb 24, 2022",8:00p,Atlanta Hawks,,Chicago Bulls,,,,,
891,"Thu, Feb 24, 2022",8:00p,Memphis Grizzlies,,Minnesota Timberwolves,,,,,
892,"Thu, Feb 24, 2022",8:00p,Phoenix Suns,,Oklahoma City Thunder,,,,,
893,"Thu, Feb 24, 2022",10:00p,Golden State Warriors,,Portland Trail Blazers,,,,,
894,"Thu, Feb 24, 2022",10:00p,Denver Nuggets,,Sacramento Kings,,,,,
895,"Fri, Feb 25, 2022",7:00p,Toronto Raptors,,Charlotte Hornets,,,,,
896,"Fri, Feb 25, 2022",7:00p,Oklahoma City Thunder,,Indiana Pacers,,,,,
897,"Fri, Feb 25, 2022",7:00p,Houston Rockets,,Orlando Magic,,,,,
898,"Fri, Feb 25, 2022",7:00p,San Antonio Spurs,,Washington Wizards,,,,,
899,"Fri, Feb 25, 2022",7:30p,Miami Heat,,New York Knicks,,,,,
900,"Fri, Feb 25, 2022",8:00p,Philadelphia 76ers,,Minnesota Timberwolves,,,,,
901,"Fri, Feb 25, 2022",9:00p,New Orleans Pelicans,,Phoenix Suns,,,,,
902,"Fri, Feb 25, 2022",9:00p,Dallas Mavericks,,Utah Jazz,,,,,
903,"Fri, Feb 25, 2022",10:00p,Los Angeles Clippers,,Los Angeles Lakers,,,,,
904,"Sat, Feb 26, 2022",12:00p,Boston Celtics,,Detroit Pistons,,,,,
905,"Sat, Feb 26, 2022",7:30p,Toronto Raptors,,Atlanta Hawks,,,,,
906,"Sat, Feb 26, 2022",8:00p,Memphis Grizzlies,,Chicago Bulls,,,,,
907,"Sat, Feb 26, 2022",8:00p,Washington Wizards,,Cleveland Cavaliers,,,,,
908,"Sat, Feb 26, 2022",8:00p,San Antonio Spurs,,Miami Heat,,,,,
909,"Sat, Feb 26, 2022",8:30p,Brooklyn Nets,,Milwaukee Bucks,,,,,
910,"Sat, Feb 26, 2022",9:00p,Sacramento Kings,,Denver Nuggets,,,,,
911,"Sun, Feb 27, 2022",1:00p,Philadelphia 76ers,,New York Knicks,,,,,
912,"Sun, Feb 27, 2022",3:30p,Utah Jazz,,Phoenix Suns,,,,,
913,"Sun, Feb 27, 2022",5:00p,Boston Celtics,,Indiana Pacers,,,,,
914,"Sun, Feb 27, 2022",7:00p,Detroit Pistons,,Charlotte Hornets,,,,,
915,"Sun, Feb 27, 2022",7:00p,Los Angeles Clippers,,Houston Rockets,,,,,
916,"Sun, Feb 27, 2022",7:30p,Dallas Mavericks,,Golden State Warriors,,,,,
917,"Sun, Feb 27, 2022",9:00p,Denver Nuggets,,Portland Trail Blazers,,,,,
918,"Sun, Feb 27, 2022",10:00p,New Orleans Pelicans,,Los Angeles Lakers,,,,,
919,"Mon, Feb 28, 2022",7:00p,Minnesota Timberwolves,,Cleveland Cavaliers,,,,,
920,"Mon, Feb 28, 2022",7:00p,Indiana Pacers,,Orlando Magic,,,,,
921,"Mon, Feb 28, 2022",7:30p,Chicago Bulls,,Miami Heat,,,,,
922,"Mon, Feb 28, 2022",8:00p,San Antonio Spurs,,Memphis Grizzlies,,,,,
923,"Mon, Feb 28, 2022",8:00p,Charlotte Hornets,,Milwaukee Bucks,,,,,
924,"Mon, Feb 28, 2022",8:00p,Sacramento Kings,,Oklahoma City Thunder,,,,,
925,"Tue, Mar 1, 2022",7:00p,Detroit Pistons,,Washington Wizards,,,,,
926,"Tue, Mar 1, 2022",7:30p,Atlanta Hawks,,Boston Celtics,,,,,
927,"Tue, Mar 1, 2022",7:30p,Brooklyn Nets,,Toronto Raptors,,,,,
928,"Tue, Mar 1, 2022",8:00p,Los Angeles Clippers,,Houston Rockets,,,,,
929,"Tue, Mar 1, 2022",8:00p,Golden State Warriors,,Minnesota Timberwolves,,,,,
930,"Tue, Mar 1, 2022",10:00p,Dallas Mavericks,,Los Angeles Lakers,,,,,
931,"Wed, Mar 2, 2022",7:00p,Charlotte Hornets,,Cleveland Cavaliers,,,,,
932,"Wed, Mar 2, 2022",7:00p,Indiana Pacers,,Orlando Magic,,,,,
933,"Wed, Mar 2, 2022",7:30p,New York Knicks,,Philadelphia 76ers,,,,,
934,"Wed, Mar 2, 2022",8:00p,Utah Jazz,,Houston Rockets,,,,,
935,"Wed, Mar 2, 2022",8:00p,Miami Heat,,Milwaukee Bucks,,,,,
936,"Wed, Mar 2, 2022",8:00p,Sacramento Kings,,New Orleans Pelicans,,,,,
937,"Wed, Mar 2, 2022",9:00p,Oklahoma City Thunder,,Denver Nuggets,,,,,
938,"Wed, Mar 2, 2022",10:00p,Portland Trail Blazers,,Phoenix Suns,,,,,
939,"Thu, Mar 3, 2022",7:30p,Memphis Grizzlies,,Boston Celtics,,,,,
940,"Thu, Mar 3, 2022",7:30p,Miami Heat,,Brooklyn Nets,,,,,
941,"Thu, Mar 3, 2022",7:30p,Detroit Pistons,,Toronto Raptors,,,,,
942,"Thu, Mar 3, 2022",8:30p,Golden State Warriors,,Dallas Mavericks,,,,,
943,"Thu, Mar 3, 2022",8:30p,Sacramento Kings,,San Antonio Spurs,,,,,
944,"Thu, Mar 3, 2022",10:00p,Los Angeles Lakers,,Los Angeles Clippers,,,,,
945,"Fri, Mar 4, 2022",7:00p,Indiana Pacers,,Detroit Pistons,,,,,
946,"Fri, Mar 4, 2022",7:00p,Cleveland Cavaliers,,Philadelphia 76ers,,,,,
947,"Fri, Mar 4, 2022",7:00p,Atlanta Hawks,,Washington Wizards,,,,,
948,"Fri, Mar 4, 2022",7:30p,Milwaukee Bucks,,Chicago Bulls,,,,,
949,"Fri, Mar 4, 2022",8:00p,Utah Jazz,,New Orleans Pelicans,,,,,
950,"Fri, Mar 4, 2022",8:00p,Minnesota Timberwolves,,Oklahoma City Thunder,,,,,
951,"Fri, Mar 4, 2022",9:00p,Houston Rockets,,Denver Nuggets,,,,,
952,"Fri, Mar 4, 2022",10:00p,New York Knicks,,Phoenix Suns,,,,,
953,"Sat, Mar 5, 2022",5:00p,Sacramento Kings,,Dallas Mavericks,,,,,
954,"Sat, Mar 5, 2022",7:00p,San Antonio Spurs,,Charlotte Hornets,,,,,
955,"Sat, Mar 5, 2022",8:00p,Orlando Magic,,Memphis Grizzlies,,,,,
956,"Sat, Mar 5, 2022",8:00p,Philadelphia 76ers,,Miami Heat,,,,,
957,"Sat, Mar 5, 2022",8:00p,Portland Trail Blazers,,Minnesota Timberwolves,,,,,
958,"Sat, Mar 5, 2022",8:30p,Golden State Warriors,,Los Angeles Lakers,,,,,
959,"Sun, Mar 6, 2022",1:00p,Brooklyn Nets,,Boston Celtics,,,,,
960,"Sun, Mar 6, 2022",3:30p,Phoenix Suns,,Milwaukee Bucks,,,,,
961,"Sun, Mar 6, 2022",6:00p,Toronto Raptors,,Cleveland Cavaliers,,,,,
962,"Sun, Mar 6, 2022",6:00p,Indiana Pacers,,Washington Wizards,,,,,
963,"Sun, Mar 6, 2022",7:00p,Memphis Grizzlies,,Houston Rockets,,,,,
964,"Sun, Mar 6, 2022",7:00p,Utah Jazz,,Oklahoma City Thunder,,,,,
965,"Sun, Mar 6, 2022",7:30p,New York Knicks,,Los Angeles Clippers,,,,,
966,"Sun, Mar 6, 2022",10:00p,New Orleans Pelicans,,Denver Nuggets,,,,,
967,"Mon, Mar 7, 2022",7:00p,Atlanta Hawks,,Detroit Pistons,,,,,
968,"Mon, Mar 7, 2022",7:00p,Chicago Bulls,,Philadelphia 76ers,,,,,
969,"Mon, Mar 7, 2022",7:30p,Houston Rockets,,Miami Heat,,,,,
970,"Mon, Mar 7, 2022",8:00p,Portland Trail Blazers,,Minnesota Timberwolves,,,,,
971,"Mon, Mar 7, 2022",8:30p,Utah Jazz,,Dallas Mavericks,,,,,
972,"Mon, Mar 7, 2022",8:30p,Los Angeles Lakers,,San Antonio Spurs,,,,,
973,"Mon, Mar 7, 2022",10:00p,New York Knicks,,Sacramento Kings,,,,,
974,"Tue, Mar 8, 2022",7:00p,Brooklyn Nets,,Charlotte Hornets,,,,,
975,"Tue, Mar 8, 2022",7:00p,Cleveland Cavaliers,,Indiana Pacers,,,,,
976,"Tue, Mar 8, 2022",7:00p,Phoenix Suns,,Orlando Magic,,,,,
977,"Tue, Mar 8, 2022",7:30p,New Orleans Pelicans,,Memphis Grizzlies,,,,,
978,"Tue, Mar 8, 2022",8:00p,Milwaukee Bucks,,Oklahoma City Thunder,,,,,
979,"Tue, Mar 8, 2022",10:00p,Los Angeles Clippers,,Golden State Warriors,,,,,
980,"Wed, Mar 9, 2022",7:00p,Boston Celtics,,Charlotte Hornets,,,,,
981,"Wed, Mar 9, 2022",7:00p,Chicago Bulls,,Detroit Pistons,,,,,
982,"Wed, Mar 9, 2022",7:30p,Phoenix Suns,,Miami Heat,,,,,
983,"Wed, Mar 9, 2022",7:30p,Atlanta Hawks,,Milwaukee Bucks,,,,,
984,"Wed, Mar 9, 2022",8:00p,Los Angeles Lakers,,Houston Rockets,,,,,
985,"Wed, Mar 9, 2022",8:00p,Oklahoma City Thunder,,Minnesota Timberwolves,,,,,
986,"Wed, Mar 9, 2022",8:00p,Orlando Magic,,New Orleans Pelicans,,,,,
987,"Wed, Mar 9, 2022",8:30p,New York Knicks,,Dallas Mavericks,,,,,
988,"Wed, Mar 9, 2022",8:30p,Toronto Raptors,,San Antonio Spurs,,,,,
989,"Wed, Mar 9, 2022",10:00p,Denver Nuggets,,Sacramento Kings,,,,,
990,"Wed, Mar 9, 2022",10:00p,Portland Trail Blazers,,Utah Jazz,,,,,
991,"Wed, Mar 9, 2022",10:30p,Washington Wizards,,Los Angeles Clippers,,,,,
992,"Thu, Mar 10, 2022",7:30p,Brooklyn Nets,,Philadelphia 76ers,,,,,
993,"Thu, Mar 10, 2022",10:00p,Golden State Warriors,,Denver Nuggets,,,,,
994,"Fri, Mar 11, 2022",7:00p,Minnesota Timberwolves,,Orlando Magic,,,,,
995,"Fri, Mar 11, 2022",7:30p,Los Angeles Clippers,,Atlanta Hawks,,,,,
996,"Fri, Mar 11, 2022",7:30p,Detroit Pistons,,Boston Celtics,,,,,
997,"Fri, Mar 11, 2022",8:00p,Dallas Mavericks,,Houston Rockets,,,,,
998,"Fri, Mar 11, 2022",8:00p,New York Knicks,,Memphis Grizzlies,,,,,
999,"Fri, Mar 11, 2022",8:00p,Cleveland Cavaliers,,Miami Heat,,,,,
1000,"Fri, Mar 11, 2022",8:00p,Charlotte Hornets,,New Orleans Pelicans,,,,,
1001,"Fri, Mar 11, 2022",8:30p,Utah Jazz,,San Antonio Spurs,,,,,
1002,"Fri, Mar 11, 2022",9:00p,Toronto Raptors,,Phoenix Suns,,,,,
1003,"Fri, Mar 11, 2022",10:30p,Washington Wizards,,Los Angeles Lakers,,,,,
1004,"Sat, Mar 12, 2022",8:00p,Cleveland Cavaliers,,Chicago Bulls,,,,,
1005,"Sat, Mar 12, 2022",8:00p,Minnesota Timberwolves,,Miami Heat,,,,,
1006,"Sat, Mar 12, 2022",8:00p,Indiana Pacers,,San Antonio Spurs,,,,,
1007,"Sat, Mar 12, 2022",8:30p,Milwaukee Bucks,,Golden State Warriors,,,,,
1008,"Sat, Mar 12, 2022",10:00p,Toronto Raptors,,Denver Nuggets,,,,,
1009,"Sat, Mar 12, 2022",10:00p,Washington Wizards,,Portland Trail Blazers,,,,,
1010,"Sat, Mar 12, 2022",10:00p,Sacramento Kings,,Utah Jazz,,,,,
1011,"Sun, Mar 13, 2022",1:00p,New York Knicks,,Brooklyn Nets,,,,,
1012,"Sun, Mar 13, 2022",3:00p,Los Angeles Clippers,,Detroit Pistons,,,,,
1013,"Sun, Mar 13, 2022",3:30p,Dallas Mavericks,,Boston Celtics,,,,,
1014,"Sun, Mar 13, 2022",6:00p,Philadelphia 76ers,,Orlando Magic,,,,,
1015,"Sun, Mar 13, 2022",7:00p,Indiana Pacers,,Atlanta Hawks,,,,,
1016,"Sun, Mar 13, 2022",7:00p,Houston Rockets,,New Orleans Pelicans,,,,,
1017,"Sun, Mar 13, 2022",7:00p,Memphis Grizzlies,,Oklahoma City Thunder,,,,,
1018,"Sun, Mar 13, 2022",8:00p,Los Angeles Lakers,,Phoenix Suns,,,,,
1019,"Mon, Mar 14, 2022",7:00p,Los Angeles Clippers,,Cleveland Cavaliers,,,,,
1020,"Mon, Mar 14, 2022",7:30p,Portland Trail Blazers,,Atlanta Hawks,,,,,
1021,"Mon, Mar 14, 2022",8:00p,Charlotte Hornets,,Oklahoma City Thunder,,,,,
1022,"Mon, Mar 14, 2022",8:00p,Denver Nuggets,,Philadelphia 76ers,,,,,
1023,"Mon, Mar 14, 2022",8:30p,Minnesota Timberwolves,,San Antonio Spurs,,,,,
1024,"Mon, Mar 14, 2022",10:00p,Washington Wizards,,Golden State Warriors,,,,,
1025,"Mon, Mar 14, 2022",10:00p,Chicago Bulls,,Sacramento Kings,,,,,
1026,"Mon, Mar 14, 2022",10:30p,Toronto Raptors,,Los Angeles Lakers,,,,,
1027,"Mon, Mar 14, 2022",10:30p,Milwaukee Bucks,,Utah Jazz,,,,,
1028,"Tue, Mar 15, 2022",7:00p,Memphis Grizzlies,,Indiana Pacers,,,,,
1029,"Tue, Mar 15, 2022",7:00p,Brooklyn Nets,,Orlando Magic,,,,,
1030,"Tue, Mar 15, 2022",7:30p,Detroit Pistons,,Miami Heat,,,,,
1031,"Tue, Mar 15, 2022",8:00p,Phoenix Suns,,New Orleans Pelicans,,,,,
1032,"Wed, Mar 16, 2022",7:00p,Atlanta Hawks,,Charlotte Hornets,,,,,
1033,"Wed, Mar 16, 2022",7:00p,Philadelphia 76ers,,Cleveland Cavaliers,,,,,
1034,"Wed, Mar 16, 2022",7:00p,Denver Nuggets,,Washington Wizards,,,,,
1035,"Wed, Mar 16, 2022",7:30p,Dallas Mavericks,,Brooklyn Nets,,,,,
1036,"Wed, Mar 16, 2022",7:30p,Portland Trail Blazers,,New York Knicks,,,,,
1037,"Wed, Mar 16, 2022",8:00p,Phoenix Suns,,Houston Rockets,,,,,
1038,"Wed, Mar 16, 2022",8:00p,Los Angeles Lakers,,Minnesota Timberwolves,,,,,
1039,"Wed, Mar 16, 2022",8:30p,Oklahoma City Thunder,,San Antonio Spurs,,,,,
1040,"Wed, Mar 16, 2022",9:00p,Chicago Bulls,,Utah Jazz,,,,,
1041,"Wed, Mar 16, 2022",10:00p,Boston Celtics,,Golden State Warriors,,,,,
1042,"Wed, Mar 16, 2022",10:00p,Milwaukee Bucks,,Sacramento Kings,,,,,
1043,"Wed, Mar 16, 2022",10:30p,Toronto Raptors,,Los Angeles Clippers,,,,,
1044,"Thu, Mar 17, 2022",7:00p,Detroit Pistons,,Orlando Magic,,,,,
1045,"Fri, Mar 18, 2022",7:00p,Dallas Mavericks,,Philadelphia 76ers,,,,,
1046,"Fri, Mar 18, 2022",7:30p,Memphis Grizzlies,,Atlanta Hawks,,,,,
1047,"Fri, Mar 18, 2022",7:30p,Portland Trail Blazers,,Brooklyn Nets,,,,,
1048,"Fri, Mar 18, 2022",7:30p,Denver Nuggets,,Cleveland Cavaliers,,,,,
1049,"Fri, Mar 18, 2022",7:30p,Washington Wizards,,New York Knicks,,,,,
1050,"Fri, Mar 18, 2022",7:30p,Los Angeles Lakers,,Toronto Raptors,,,,,
1051,"Fri, Mar 18, 2022",8:00p,Indiana Pacers,,Houston Rockets,,,,,
1052,"Fri, Mar 18, 2022",8:00p,Oklahoma City Thunder,,Miami Heat,,,,,
1053,"Fri, Mar 18, 2022",8:30p,New Orleans Pelicans,,San Antonio Spurs,,,,,
1054,"Fri, Mar 18, 2022",9:00p,Los Angeles Clippers,,Utah Jazz,,,,,
1055,"Fri, Mar 18, 2022",10:00p,Chicago Bulls,,Phoenix Suns,,,,,
1056,"Fri, Mar 18, 2022",10:00p,Boston Celtics,,Sacramento Kings,,,,,
1057,"Sat, Mar 19, 2022",5:00p,Milwaukee Bucks,,Minnesota Timberwolves,,,,,
1058,"Sat, Mar 19, 2022",7:00p,Dallas Mavericks,,Charlotte Hornets,,,,,
1059,"Sat, Mar 19, 2022",8:00p,Detroit Pistons,,Cleveland Cavaliers,,,,,
1060,"Sat, Mar 19, 2022",8:00p,Los Angeles Lakers,,Washington Wizards,,,,,
1061,"Sun, Mar 20, 2022",3:30p,Memphis Grizzlies,,Houston Rockets,,,,,
1062,"Sun, Mar 20, 2022",3:30p,Portland Trail Blazers,,Indiana Pacers,,,,,
1063,"Sun, Mar 20, 2022",6:00p,New Orleans Pelicans,,Atlanta Hawks,,,,,
1064,"Sun, Mar 20, 2022",6:00p,Oklahoma City Thunder,,Orlando Magic,,,,,
1065,"Sun, Mar 20, 2022",6:00p,Phoenix Suns,,Sacramento Kings,,,,,
1066,"Sun, Mar 20, 2022",7:30p,Utah Jazz,,New York Knicks,,,,,
1067,"Sun, Mar 20, 2022",8:00p,Boston Celtics,,Denver Nuggets,,,,,
1068,"Sun, Mar 20, 2022",8:30p,San Antonio Spurs,,Golden State Warriors,,,,,
1069,"Sun, Mar 20, 2022",8:30p,Toronto Raptors,,Philadelphia 76ers,,,,,
1070,"Mon, Mar 21, 2022",7:00p,New Orleans Pelicans,,Charlotte Hornets,,,,,
1071,"Mon, Mar 21, 2022",7:00p,Los Angeles Lakers,,Cleveland Cavaliers,,,,,
1072,"Mon, Mar 21, 2022",7:00p,Portland Trail Blazers,,Detroit Pistons,,,,,
1073,"Mon, Mar 21, 2022",7:00p,Miami Heat,,Philadelphia 76ers,,,,,
1074,"Mon, Mar 21, 2022",7:30p,Utah Jazz,,Brooklyn Nets,,,,,
1075,"Mon, Mar 21, 2022",8:00p,Toronto Raptors,,Chicago Bulls,,,,,
1076,"Mon, Mar 21, 2022",8:00p,Washington Wizards,,Houston Rockets,,,,,
1077,"Mon, Mar 21, 2022",8:00p,Boston Celtics,,Oklahoma City Thunder,,,,,
1078,"Mon, Mar 21, 2022",8:30p,Minnesota Timberwolves,,Dallas Mavericks,,,,,
1079,"Tue, Mar 22, 2022",7:00p,Golden State Warriors,,Orlando Magic,,,,,
1080,"Tue, Mar 22, 2022",7:30p,Atlanta Hawks,,New York Knicks,,,,,
1081,"Tue, Mar 22, 2022",8:00p,Chicago Bulls,,Milwaukee Bucks,,,,,
1082,"Tue, Mar 22, 2022",10:00p,Los Angeles Clippers,,Denver Nuggets,,,,,
1083,"Wed, Mar 23, 2022",7:00p,New York Knicks,,Charlotte Hornets,,,,,
1084,"Wed, Mar 23, 2022",7:00p,Atlanta Hawks,,Detroit Pistons,,,,,
1085,"Wed, Mar 23, 2022",7:00p,Sacramento Kings,,Indiana Pacers,,,,,
1086,"Wed, Mar 23, 2022",7:30p,Utah Jazz,,Boston Celtics,,,,,
1087,"Wed, Mar 23, 2022",7:30p,Brooklyn Nets,,Memphis Grizzlies,,,,,
1088,"Wed, Mar 23, 2022",7:30p,Golden State Warriors,,Miami Heat,,,,,
1089,"Wed, Mar 23, 2022",8:00p,Phoenix Suns,,Minnesota Timberwolves,,,,,
1090,"Wed, Mar 23, 2022",8:00p,Orlando Magic,,Oklahoma City Thunder,,,,,
1091,"Wed, Mar 23, 2022",8:30p,Houston Rockets,,Dallas Mavericks,,,,,
1092,"Wed, Mar 23, 2022",10:00p,Philadelphia 76ers,,Los Angeles Lakers,,,,,
1093,"Wed, Mar 23, 2022",10:00p,San Antonio Spurs,,Portland Trail Blazers,,,,,
1094,"Thu, Mar 24, 2022",7:30p,Cleveland Cavaliers,,Toronto Raptors,,,,,
1095,"Thu, Mar 24, 2022",8:00p,Indiana Pacers,,Memphis Grizzlies,,,,,
1096,"Thu, Mar 24, 2022",8:00p,Washington Wizards,,Milwaukee Bucks,,,,,
1097,"Thu, Mar 24, 2022",8:00p,Chicago Bulls,,New Orleans Pelicans,,,,,
1098,"Thu, Mar 24, 2022",9:00p,Phoenix Suns,,Denver Nuggets,,,,,
1099,"Fri, Mar 25, 2022",7:00p,Utah Jazz,,Charlotte Hornets,,,,,
1100,"Fri, Mar 25, 2022",7:00p,Washington Wizards,,Detroit Pistons,,,,,
1101,"Fri, Mar 25, 2022",7:30p,Golden State Warriors,,Atlanta Hawks,,,,,
1102,"Fri, Mar 25, 2022",8:00p,New York Knicks,,Miami Heat,,,,,
1103,"Fri, Mar 25, 2022",8:00p,Dallas Mavericks,,Minnesota Timberwolves,,,,,
1104,"Fri, Mar 25, 2022",10:00p,Houston Rockets,,Portland Trail Blazers,,,,,
1105,"Fri, Mar 25, 2022",10:30p,Philadelphia 76ers,,Los Angeles Clippers,,,,,
1106,"Sat, Mar 26, 2022",5:00p,San Antonio Spurs,,New Orleans Pelicans,,,,,
1107,"Sat, Mar 26, 2022",7:00p,Sacramento Kings,,Orlando Magic,,,,,
1108,"Sat, Mar 26, 2022",7:30p,Indiana Pacers,,Toronto Raptors,,,,,
1109,"Sat, Mar 26, 2022",8:00p,Chicago Bulls,,Cleveland Cavaliers,,,,,
1110,"Sat, Mar 26, 2022",8:00p,Milwaukee Bucks,,Memphis Grizzlies,,,,,
1111,"Sat, Mar 26, 2022",8:00p,Brooklyn Nets,,Miami Heat,,,,,
1112,"Sat, Mar 26, 2022",9:00p,Oklahoma City Thunder,,Denver Nuggets,,,,,
1113,"Sat, Mar 26, 2022",10:00p,Houston Rockets,,Portland Trail Blazers,,,,,
1114,"Sun, Mar 27, 2022",3:30p,New York Knicks,,Detroit Pistons,,,,,
1115,"Sun, Mar 27, 2022",6:00p,Minnesota Timberwolves,,Boston Celtics,,,,,
1116,"Sun, Mar 27, 2022",6:00p,Philadelphia 76ers,,Phoenix Suns,,,,,
1117,"Sun, Mar 27, 2022",6:00p,Golden State Warriors,,Washington Wizards,,,,,
1118,"Sun, Mar 27, 2022",7:00p,Los Angeles Lakers,,New Orleans Pelicans,,,,,
1119,"Sun, Mar 27, 2022",7:30p,Charlotte Hornets,,Brooklyn Nets,,,,,
1120,"Sun, Mar 27, 2022",7:30p,Utah Jazz,,Dallas Mavericks,,,,,
1121,"Mon, Mar 28, 2022",7:00p,Denver Nuggets,,Charlotte Hornets,,,,,
1122,"Mon, Mar 28, 2022",7:00p,Orlando Magic,,Cleveland Cavaliers,,,,,
1123,"Mon, Mar 28, 2022",7:00p,Atlanta Hawks,,Indiana Pacers,,,,,
1124,"Mon, Mar 28, 2022",7:30p,Sacramento Kings,,Miami Heat,,,,,
1125,"Mon, Mar 28, 2022",7:30p,Chicago Bulls,,New York Knicks,,,,,
1126,"Mon, Mar 28, 2022",7:30p,Boston Celtics,,Toronto Raptors,,,,,
1127,"Mon, Mar 28, 2022",8:00p,San Antonio Spurs,,Houston Rockets,,,,,
1128,"Mon, Mar 28, 2022",8:00p,Golden State Warriors,,Memphis Grizzlies,,,,,
1129,"Mon, Mar 28, 2022",10:00p,Oklahoma City Thunder,,Portland Trail Blazers,,,,,
1130,"Tue, Mar 29, 2022",7:00p,Milwaukee Bucks,,Philadelphia 76ers,,,,,
1131,"Tue, Mar 29, 2022",7:00p,Chicago Bulls,,Washington Wizards,,,,,
1132,"Tue, Mar 29, 2022",7:30p,Detroit Pistons,,Brooklyn Nets,,,,,
1133,"Tue, Mar 29, 2022",7:30p,Los Angeles Lakers,,Dallas Mavericks,,,,,
1134,"Tue, Mar 29, 2022",10:00p,Utah Jazz,,Los Angeles Clippers,,,,,
1135,"Wed, Mar 30, 2022",7:00p,Dallas Mavericks,,Cleveland Cavaliers,,,,,
1136,"Wed, Mar 30, 2022",7:00p,Denver Nuggets,,Indiana Pacers,,,,,
1137,"Wed, Mar 30, 2022",7:00p,Orlando Magic,,Washington Wizards,,,,,
1138,"Wed, Mar 30, 2022",7:30p,Miami Heat,,Boston Celtics,,,,,
1139,"Wed, Mar 30, 2022",7:30p,Charlotte Hornets,,New York Knicks,,,,,
1140,"Wed, Mar 30, 2022",7:30p,Minnesota Timberwolves,,Toronto Raptors,,,,,
1141,"Wed, Mar 30, 2022",8:00p,Sacramento Kings,,Houston Rockets,,,,,
1142,"Wed, Mar 30, 2022",8:00p,Atlanta Hawks,,Oklahoma City Thunder,,,,,
1143,"Wed, Mar 30, 2022",8:30p,Memphis Grizzlies,,San Antonio Spurs,,,,,
1144,"Wed, Mar 30, 2022",10:00p,Phoenix Suns,,Golden State Warriors,,,,,
1145,"Wed, Mar 30, 2022",10:00p,New Orleans Pelicans,,Portland Trail Blazers,,,,,
1146,"Thu, Mar 31, 2022",7:00p,Philadelphia 76ers,,Detroit Pistons,,,,,
1147,"Thu, Mar 31, 2022",7:30p,Milwaukee Bucks,,Brooklyn Nets,,,,,
1148,"Thu, Mar 31, 2022",8:00p,Los Angeles Clippers,,Chicago Bulls,,,,,
1149,"Thu, Mar 31, 2022",10:00p,Los Angeles Lakers,,Utah Jazz,,,,,
1150,"Fri, Apr 1, 2022",7:00p,Toronto Raptors,,Orlando Magic,,,,,
1151,"Fri, Apr 1, 2022",7:00p,Dallas Mavericks,,Washington Wizards,,,,,
1152,"Fri, Apr 1, 2022",7:30p,Indiana Pacers,,Boston Celtics,,,,,
1153,"Fri, Apr 1, 2022",8:00p,Sacramento Kings,,Houston Rockets,,,,,
1154,"Fri, Apr 1, 2022",8:00p,Phoenix Suns,,Memphis Grizzlies,,,,,
1155,"Fri, Apr 1, 2022",8:00p,Los Angeles Clippers,,Milwaukee Bucks,,,,,
1156,"Fri, Apr 1, 2022",8:00p,Detroit Pistons,,Oklahoma City Thunder,,,,,
1157,"Fri, Apr 1, 2022",8:30p,Portland Trail Blazers,,San Antonio Spurs,,,,,
1158,"Fri, Apr 1, 2022",9:00p,Minnesota Timberwolves,,Denver Nuggets,,,,,
1159,"Fri, Apr 1, 2022",10:30p,New Orleans Pelicans,,Los Angeles Lakers,,,,,
1160,"Sat, Apr 2, 2022",12:30p,Charlotte Hornets,,Philadelphia 76ers,,,,,
1161,"Sat, Apr 2, 2022",1:00p,Cleveland Cavaliers,,New York Knicks,,,,,
1162,"Sat, Apr 2, 2022",7:30p,Brooklyn Nets,,Atlanta Hawks,,,,,
1163,"Sat, Apr 2, 2022",8:00p,Miami Heat,,Chicago Bulls,,,,,
1164,"Sat, Apr 2, 2022",8:30p,Utah Jazz,,Golden State Warriors,,,,,
1165,"Sun, Apr 3, 2022",1:00p,Dallas Mavericks,,Milwaukee Bucks,,,,,
1166,"Sun, Apr 3, 2022",1:00p,Washington Wizards,,Boston Celtics,,,,,
1167,"Sun, Apr 3, 2022",3:30p,Denver Nuggets,,Los Angeles Lakers,,,,,
1168,"Sun, Apr 3, 2022",5:00p,Detroit Pistons,,Indiana Pacers,,,,,
1169,"Sun, Apr 3, 2022",6:00p,Philadelphia 76ers,,Cleveland Cavaliers,,,,,
1170,"Sun, Apr 3, 2022",6:00p,New York Knicks,,Orlando Magic,,,,,
1171,"Sun, Apr 3, 2022",7:00p,Minnesota Timberwolves,,Houston Rockets,,,,,
1172,"Sun, Apr 3, 2022",7:00p,Miami Heat,,Toronto Raptors,,,,,
1173,"Sun, Apr 3, 2022",7:00p,Portland Trail Blazers,,San Antonio Spurs,,,,,
1174,"Sun, Apr 3, 2022",7:00p,Phoenix Suns,,Oklahoma City Thunder,,,,,
1175,"Sun, Apr 3, 2022",9:00p,Golden State Warriors,,Sacramento Kings,,,,,
1176,"Sun, Apr 3, 2022",9:30p,New Orleans Pelicans,,Los Angeles Clippers,,,,,
1177,"Tue, Apr 5, 2022",7:00p,Philadelphia 76ers,,Indiana Pacers,,,,,
1178,"Tue, Apr 5, 2022",7:00p,Cleveland Cavaliers,,Orlando Magic,,,,,
1179,"Tue, Apr 5, 2022",7:30p,Houston Rockets,,Brooklyn Nets,,,,,
1180,"Tue, Apr 5, 2022",7:30p,Charlotte Hornets,,Miami Heat,,,,,
1181,"Tue, Apr 5, 2022",7:30p,Atlanta Hawks,,Toronto Raptors,,,,,
1182,"Tue, Apr 5, 2022",8:00p,Milwaukee Bucks,,Chicago Bulls,,,,,
1183,"Tue, Apr 5, 2022",8:00p,Washington Wizards,,Minnesota Timberwolves,,,,,
1184,"Tue, Apr 5, 2022",8:00p,Portland Trail Blazers,,Oklahoma City Thunder,,,,,
1185,"Tue, Apr 5, 2022",9:00p,San Antonio Spurs,,Denver Nuggets,,,,,
1186,"Tue, Apr 5, 2022",9:00p,Memphis Grizzlies,,Utah Jazz,,,,,
1187,"Tue, Apr 5, 2022",10:00p,New Orleans Pelicans,,Sacramento Kings,,,,,
1188,"Tue, Apr 5, 2022",10:30p,Los Angeles Lakers,,Phoenix Suns,,,,,
1189,"Wed, Apr 6, 2022",7:00p,Dallas Mavericks,,Detroit Pistons,,,,,
1190,"Wed, Apr 6, 2022",7:30p,Brooklyn Nets,,New York Knicks,,,,,
1191,"Wed, Apr 6, 2022",8:00p,Boston Celtics,,Chicago Bulls,,,,,
1192,"Wed, Apr 6, 2022",8:00p,Washington Wizards,,Atlanta Hawks,,,,,
1193,"Wed, Apr 6, 2022",9:00p,Oklahoma City Thunder,,Utah Jazz,,,,,
1194,"Wed, Apr 6, 2022",10:00p,Phoenix Suns,,Los Angeles Clippers,,,,,
1195,"Thu, Apr 7, 2022",7:00p,Orlando Magic,,Charlotte Hornets,,,,,
1196,"Thu, Apr 7, 2022",7:30p,Boston Celtics,,Milwaukee Bucks,,,,,
1197,"Thu, Apr 7, 2022",7:30p,Philadelphia 76ers,,Toronto Raptors,,,,,
1198,"Thu, Apr 7, 2022",8:00p,San Antonio Spurs,,Minnesota Timberwolves,,,,,
1199,"Thu, Apr 7, 2022",8:00p,Portland Trail Blazers,,New Orleans Pelicans,,,,,
1200,"Thu, Apr 7, 2022",9:00p,Memphis Grizzlies,,Denver Nuggets,,,,,
1201,"Thu, Apr 7, 2022",10:00p,Los Angeles Lakers,,Golden State Warriors,,,,,
1202,"Fri, Apr 8, 2022",7:00p,New York Knicks,,Washington Wizards,,,,,
1203,"Fri, Apr 8, 2022",7:00p,Milwaukee Bucks,,Detroit Pistons,,,,,
1204,"Fri, Apr 8, 2022",7:30p,Cleveland Cavaliers,,Brooklyn Nets,,,,,
1205,"Fri, Apr 8, 2022",7:30p,Houston Rockets,,Toronto Raptors,,,,,
1206,"Fri, Apr 8, 2022",8:00p,Atlanta Hawks,,Miami Heat,,,,,
1207,"Fri, Apr 8, 2022",8:00p,Charlotte Hornets,,Chicago Bulls,,,,,
1208,"Fri, Apr 8, 2022",8:30p,Portland Trail Blazers,,Dallas Mavericks,,,,,
1209,"Fri, Apr 8, 2022",9:30p,Phoenix Suns,,Utah Jazz,,,,,
1210,"Fri, Apr 8, 2022",10:30p,Oklahoma City Thunder,,Los Angeles Lakers,,,,,
1211,"Sat, Apr 9, 2022",,Sacramento Kings,,Los Angeles Clippers,,,,,
1212,"Sat, Apr 9, 2022",,Golden State Warriors,,San Antonio Spurs,,,,,
1213,"Sat, Apr 9, 2022",,New Orleans Pelicans,,Memphis Grizzlies,,,,,
1214,"Sat, Apr 9, 2022",,Indiana Pacers,,Philadelphia 76ers,,,,,
1215,"Sun, Apr 10, 2022",,Utah Jazz,,Portland Trail Blazers,,,,,
1216,"Sun, Apr 10, 2022",,Sacramento Kings,,Phoenix Suns,,,,,
1217,"Sun, Apr 10, 2022",,Detroit Pistons,,Philadelphia 76ers,,,,,
1218,"Sun, Apr 10, 2022",,Miami Heat,,Orlando Magic,,,,,
1219,"Sun, Apr 10, 2022",,Toronto Raptors,,New York Knicks,,,,,
1220,"Sun, Apr 10, 2022",,Golden State Warriors,,New Orleans Pelicans,,,,,
1221,"Sun, Apr 10, 2022",,Chicago Bulls,,Minnesota Timberwolves,,,,,
1222,"Sun, Apr 10, 2022",,Boston Celtics,,Memphis Grizzlies,,,,,
1223,"Sun, Apr 10, 2022",,Oklahoma City Thunder,,Los Angeles Clippers,,,,,
1224,"Sun, Apr 10, 2022",,Atlanta Hawks,,Houston Rockets,,,,,
1225,"Sun, Apr 10, 2022",,Los Angeles Lakers,,Denver Nuggets,,,,,
1226,"Sun, Apr 10, 2022",,San Antonio Spurs,,Dallas Mavericks,,,,,
1227,"Sun, Apr 10, 2022",,Milwaukee Bucks,,Cleveland Cavaliers,,,,,
1228,"Sun, Apr 10, 2022",,Washington Wizards,,Charlotte Hornets,,,,,
1229,"Sun, Apr 10, 2022",,Indiana Pacers,,Brooklyn Nets,,,,,
